analise,metric,metric_label,escopo,baseline,baseline_label,model,model_label,baseline_params,model_params,melhor,n_pairs,n_eff,n_model_wins,n_base_wins,n_ties,baseline_median,model_median,baseline_mean,model_mean,median_diff,median_ci_lo,median_ci_hi,mean_diff,mean_ci_lo,mean_ci_hi,W,W_pos,W_neg,rank_biserial_r,method_wilcoxon,p_raw,p_holm,p_bonferroni,sig_holm,sig_bonferroni,conclusao_holm,sign_convention
principal,f1,F1,agregado (18 celulas),SVM_Distill_1x1BN,Distill 1 - init aleatoria (123K),SVM_Distill_1x1BN_flim_frozen_eval_loss,Distill 1 - FLIM init congelada (123K),123504,123504,Distill 1 - FLIM init congelada (123K),18,18,18,0,0,0.3291249175866444,0.723375141620636,0.3221207603260323,0.6904175091120932,0.36917569736639655,0.2899857660134633,0.4333675056695938,0.3682967487860609,0.3128405284515962,0.4236297923623137,0.0,171.0,0.0,1.0,exact,7.62939453125e-06,2.288818359375e-05,2.288818359375e-05,True,True,Distill 1 - FLIM init congelada (123K) melhor,diff = metrica(FLIM init) - metrica(init aleatoria); >0 favorece FLIM init
principal,kappa,kappa,agregado (18 celulas),SVM_Distill_1x1BN,Distill 1 - init aleatoria (123K),SVM_Distill_1x1BN_flim_frozen_eval_loss,Distill 1 - FLIM init congelada (123K),123504,123504,Distill 1 - FLIM init congelada (123K),18,18,18,0,0,0.06398279468218475,0.735022246837616,0.10423917461324618,0.654050843583213,0.5250648359457653,0.43017171820004785,0.7019285162289939,0.5498116689699667,0.4541302614741856,0.6375484421573303,0.0,171.0,0.0,1.0,exact,7.62939453125e-06,2.288818359375e-05,2.288818359375e-05,True,True,Distill 1 - FLIM init congelada (123K) melhor,diff = metrica(FLIM init) - metrica(init aleatoria); >0 favorece FLIM init
principal,acc,Acc,agregado (18 celulas),SVM_Distill_1x1BN,Distill 1 - init aleatoria (123K),SVM_Distill_1x1BN_flim_frozen_eval_loss,Distill 1 - FLIM init congelada (123K),123504,123504,Distill 1 - FLIM init congelada (123K),18,18,18,0,0,0.47506534184018767,0.6834786732991536,0.39830857308374507,0.673381992512279,0.25504452362656593,0.17661114037036896,0.4002860883871714,0.2750734194285339,0.20848558937992762,0.3438704603041211,0.0,171.0,0.0,1.0,exact,7.62939453125e-06,2.288818359375e-05,2.288818359375e-05,True,True,Distill 1 - FLIM init congelada (123K) melhor,diff = metrica(FLIM init) - metrica(init aleatoria); >0 favorece FLIM init
por_dataset,f1,F1,eggs,SVM_Distill_1x1BN,Distill 1 - init aleatoria (123K),SVM_Distill_1x1BN_flim_frozen_eval_loss,Distill 1 - FLIM init congelada (123K),123504,123504,Distill 1 - FLIM init congelada (123K),6,6,6,0,0,0.1243663045267263,0.6966667771339417,0.18298282474279395,0.5915350061323907,0.43757956475019455,,,0.40855218138959676,,,0.0,21.0,0.0,1.0,exact,0.03125,,,,,,diff = metrica(FLIM init) - metrica(init aleatoria); >0 favorece FLIM init
por_dataset,f1,F1,larvae,SVM_Distill_1x1BN,Distill 1 - init aleatoria (123K),SVM_Distill_1x1BN_flim_frozen_eval_loss,Distill 1 - FLIM init congelada (123K),123504,123504,Distill 1 - FLIM init congelada (123K),6,6,6,0,0,0.5072222997744879,0.9428256253401438,0.5056556281116275,0.8963179853227404,0.4247111827135086,,,0.390662357211113,,,0.0,21.0,0.0,1.0,exact,0.03125,,,,,,diff = metrica(FLIM init) - metrica(init aleatoria); >0 favorece FLIM init
por_dataset,f1,F1,protozoan,SVM_Distill_1x1BN,Distill 1 - init aleatoria (123K),SVM_Distill_1x1BN_flim_frozen_eval_loss,Distill 1 - FLIM init congelada (123K),123504,123504,Distill 1 - FLIM init congelada (123K),6,6,6,0,0,0.294504923125108,0.6659798423449198,0.2777238281236754,0.5833995358811485,0.3231482282280922,,,0.30567570775747305,,,0.0,21.0,0.0,1.0,exact,0.03125,,,,,,diff = metrica(FLIM init) - metrica(init aleatoria); >0 favorece FLIM init
robustez,f1,F1,agregado (18 celulas),SVM_Distill_1x1BN,Distill 1 - init aleatoria (123K),SVM_Distill_1x1BN_flim_frozen_eval_knn,"FLIM init congelada, ckpt knn+kappa (123K)",123504,123504,"FLIM init congelada, ckpt knn+kappa (123K)",18,18,18,0,0,0.3291249175866444,0.7099030415217082,0.3221207603260323,0.6956266297234429,0.3640841022133827,0.2938479085763296,0.4323920011520387,0.3735058693974106,0.3270057467536794,0.42159274266687813,0.0,171.0,0.0,1.0,exact,7.62939453125e-06,,,,,,diff = metrica(FLIM init) - metrica(init aleatoria); >0 favorece FLIM init
robustez,f1,F1,agregado (18 celulas),SVM_Distill_1x1BN,Distill 1 - init aleatoria (123K),SVM_Distill_1x1BN_flim,"FLIM init destreinada, encoder liberado (123K)",123504,123504,"FLIM init destreinada, encoder liberado (123K)",18,18,18,0,0,0.3291249175866444,0.5432281096776327,0.3221207603260323,0.5939038762891734,0.27650481214125955,0.22540058195590978,0.34883795181910193,0.27178311596314114,0.2176754416552959,0.32580905539776994,0.0,171.0,0.0,1.0,exact,7.62939453125e-06,,,,,,diff = metrica(FLIM init) - metrica(init aleatoria); >0 favorece FLIM init
colapsado_n3,f1,F1,mediana por dataset (n = 3),SVM_Distill_1x1BN,Distill 1 - init aleatoria (123K),SVM_Distill_1x1BN_flim_frozen_eval_loss,Distill 1 - FLIM init congelada (123K),123504,123504,Distill 1 - FLIM init congelada (123K),3,3,3,0,0,0.294504923125108,0.6966667771339417,0.3086978424754407,0.7684907482730017,0.43560332556565595,,,0.459792905797561,,,0.0,6.0,0.0,1.0,exact,0.25,,,,,,diff = metrica(FLIM init) - metrica(init aleatoria); >0 favorece FLIM init
