familia,metric,metric_label,model_a,label_a,params_a,model_b,label_b,params_b,afirmacao_sustentada,delta,pcts,median_a,median_b,mean_a,mean_b,n_pairs,n_eff,W,W_pos,W_neg,p_sup_raw,method_wilcoxon,median_diff,mean_diff,rank_biserial_r,n_b_wins,n_a_wins,n_ties,median_ci_lo,median_ci_hi,mean_ci_lo,mean_ci_hi,p_tost_raw,delta_min,p_sup_holm,sig_sup_holm,p_sup_bonferroni,sig_sup_bonferroni,p_tost_holm,sig_tost_holm,p_tost_bonferroni,sig_tost_bonferroni,veredito,leitura,sign_convention
focal,f1,F1,SVM_FLIM,FLIM (59.504),59504,SVM_IJEPA,I-JEPA (632M),632000000,"""FLIM praticamente empatado com o teacher"" (F1 medio 0,938 vs 0,940 @100%)",0.05,1+5+25+50+75+100,0.9044166666666666,0.9191513856252035,0.7824425925925925,0.87169905172454,18,18,51.0,120.0,51.0,0.14151763916015625,exact,0.018532879447936912,0.08925645913194726,0.40350877192982454,13,5,0,-0.010239611434936513,0.038430293718973774,0.005842006422104659,0.19085458699314675,0.15189743041992188,0.1924600480715434,0.3251495361328125,False,0.7075881958007812,False,0.4556922912597656,False,0.7594871520996094,False,inconclusivo,sem poder para decidir: nao se detectou diferenca NEM se demonstrou empate (tendencia a favor de I-JEPA (632M)),diff = metrica(model_b) - metrica(model_a); >0 favorece model_b
focal,f1,F1,SVM_Distill_3x3BN,Distill 3 (615K),615024,SVM_Distill_Proj1280,Distill 4 (889K),889200,"""+45% de params rendem +0,007 de F1 e +0,002 de kappa"" (retornos decrescentes)",0.05,1+5+25+50+75+100,0.8174495299657186,0.8424367407957712,0.773551540794196,0.8007700928935297,18,18,8.0,163.0,8.0,0.00019073486328125,exact,0.02669797341028851,0.02721855209933386,0.9064327485380117,16,2,0,0.0123813748359681,0.03798788785934443,0.016897539090779075,0.03824667903008284,0.000789642333984375,0.03663563728332526,0.00095367431640625,True,0.00095367431640625,True,0.003948211669921875,True,0.003948211669921875,True,diferenca real porem menor que a margem,"Distill 4 (889K) vence de forma consistente, mas a diferenca e menor que 0.05 — real e desprezivel ao mesmo tempo",diff = metrica(model_b) - metrica(model_a); >0 favorece model_b
focal,f1,F1,SVM_Distill_1x1BN_flim_frozen_eval_loss,Distill 1 - FLIM init (123K),123504,SVM_Distill_2l400K,Distill 2 (402K),402608,"""Distill 1 FLIM init tem kappa 0,82 contra 0,83 do Distill 2, com 1/3 dos params""",0.05,1+5+25+50+75+100,0.723375141620636,0.7746110359827677,0.6904175091120932,0.726040443888417,18,18,48.0,123.0,48.0,0.1083831787109375,exact,0.03299134969711298,0.03562293477632382,0.43859649122807015,10,8,0,-0.01893793543179828,0.08142919341723126,0.002680861218659962,0.0707954906065155,0.18460845947265625,0.06758809089660646,0.3251495361328125,False,0.5419158935546875,False,0.4556922912597656,False,0.9230422973632812,False,inconclusivo,sem poder para decidir: nao se detectou diferenca NEM se demonstrou empate (tendencia a favor de Distill 2 (402K)),diff = metrica(model_b) - metrica(model_a); >0 favorece model_b
focal,f1,F1,SVM_Distill_2l400K,Distill 2 (402K),402608,SVM_Distill_3x3BN,Distill 3 (615K),615024,curva de retornos decrescentes das proj heads (Distill 2 -> 3),0.05,1+5+25+50+75+100,0.7746110359827677,0.8174495299657186,0.726040443888417,0.773551540794196,18,18,11.0,160.0,11.0,0.00041961669921875,exact,0.04037453730901086,0.04751109690577896,0.8713450292397661,16,2,0,0.018828709920247405,0.07991260290145874,0.02694481347722033,0.06775341498906966,0.5338592529296875,0.06700869401295985,0.001678466796875,True,0.00209808349609375,True,0.5338592529296875,False,1.0,False,diferenca real e nao-desprezivel,"Distill 3 (615K) e melhor, e a diferenca NAO cabe na margem de 0.05",diff = metrica(model_b) - metrica(model_a); >0 favorece model_b
focal,f1,F1,SVM_FLIM,FLIM (59.504),59504,SVM_Distill_Proj1280,Distill 4 (889K),889200,fronteira de Pareto: FLIM puro (60K) contra o melhor destilado (889K),0.05,1+5+25+50+75+100,0.9044166666666666,0.8424367407957712,0.7824425925925925,0.8007700928935297,18,18,51.0,51.0,120.0,0.14151763916015625,exact,-0.02249684572219851,0.01832750030093722,-0.40350877192982454,3,15,0,-0.06253588447570801,-0.005292699909210219,-0.047330541207922856,0.09684287372527298,0.06486892700195312,0.09872235102653502,0.3251495361328125,False,0.7075881958007812,False,0.2594757080078125,False,0.3243446350097656,False,inconclusivo,sem poder para decidir: nao se detectou diferenca NEM se demonstrou empate (tendencia a favor de FLIM (59.504)),diff = metrica(model_b) - metrica(model_a); >0 favorece model_b
focal,kappa,kappa,SVM_FLIM,FLIM (59.504),59504,SVM_IJEPA,I-JEPA (632M),632000000,"""FLIM praticamente empatado com o teacher"" (F1 medio 0,938 vs 0,940 @100%)",0.05,1+5+25+50+75+100,0.8104,0.8867230614026387,0.6714518518518519,0.8621069877235977,18,18,0.0,171.0,0.0,7.62939453125e-06,exact,0.10387705763181049,0.19065513587174593,1.0,18,0,0,0.07589508889516194,0.20036905814806616,0.10740352120050674,0.2898399581940527,0.9999618530273438,0.26130915525754306,3.814697265625e-05,True,3.814697265625e-05,True,1.0,False,1.0,False,diferenca real e nao-desprezivel,"I-JEPA (632M) e melhor, e a diferenca NAO cabe na margem de 0.05",diff = metrica(model_b) - metrica(model_a); >0 favorece model_b
focal,kappa,kappa,SVM_Distill_3x3BN,Distill 3 (615K),615024,SVM_Distill_Proj1280,Distill 4 (889K),889200,"""+45% de params rendem +0,007 de F1 e +0,002 de kappa"" (retornos decrescentes)",0.05,1+5+25+50+75+100,0.7990082105000813,0.8255824247996012,0.7296218574047089,0.7569467314967402,18,18,15.0,156.0,15.0,0.00104522705078125,exact,0.02569668491681415,0.027324874092031413,0.8245614035087719,15,3,0,0.011777490377426147,0.044405510028203365,0.014737422074432705,0.039882743855317426,0.00279998779296875,0.0399598777294159,0.00313568115234375,True,0.00522613525390625,True,0.01399993896484375,True,0.01399993896484375,True,diferenca real porem menor que a margem,"Distill 4 (889K) vence de forma consistente, mas a diferenca e menor que 0.05 — real e desprezivel ao mesmo tempo",diff = metrica(model_b) - metrica(model_a); >0 favorece model_b
focal,kappa,kappa,SVM_Distill_1x1BN_flim_frozen_eval_loss,Distill 1 - FLIM init (123K),123504,SVM_Distill_2l400K,Distill 2 (402K),402608,"""Distill 1 FLIM init tem kappa 0,82 contra 0,83 do Distill 2, com 1/3 dos params""",0.05,1+5+25+50+75+100,0.735022246837616,0.6926147242387136,0.654050843583213,0.6649608159506762,18,18,85.0,85.0,86.0,1.0,exact,-0.013187974691390936,0.010909972367463303,-0.005847953216374269,8,10,0,-0.047460198402404785,0.05254630247751752,-0.03344819443645299,0.06063850464092363,0.04936981201171875,0.04615550239880881,1.0,False,1.0,False,0.197479248046875,False,0.24684906005859375,False,inconclusivo,sem poder para decidir: nao se detectou diferenca NEM se demonstrou empate (tendencia a favor de Distill 1 - FLIM init (123K)),diff = metrica(model_b) - metrica(model_a); >0 favorece model_b
focal,kappa,kappa,SVM_Distill_2l400K,Distill 2 (402K),402608,SVM_Distill_3x3BN,Distill 3 (615K),615024,curva de retornos decrescentes das proj heads (Distill 2 -> 3),0.05,1+5+25+50+75+100,0.6926147242387136,0.7990082105000813,0.6649608159506762,0.7296218574047089,18,18,10.0,161.0,10.0,0.00032806396484375,exact,0.06649835904439289,0.0646610414540326,0.8830409356725146,16,2,0,0.03744653860727948,0.10322109858194983,0.04038882009960984,0.08703606136971048,0.8939285278320312,0.08942305048306783,0.001312255859375,True,0.00164031982421875,True,1.0,False,1.0,False,diferenca real e nao-desprezivel,"Distill 3 (615K) e melhor, e a diferenca NAO cabe na margem de 0.05",diff = metrica(model_b) - metrica(model_a); >0 favorece model_b
focal,kappa,kappa,SVM_FLIM,FLIM (59.504),59504,SVM_Distill_Proj1280,Distill 4 (889K),889200,fronteira de Pareto: FLIM puro (60K) contra o melhor destilado (889K),0.05,1+5+25+50+75+100,0.8104,0.8255824247996012,0.6714518518518519,0.7569467314967402,18,18,23.0,148.0,23.0,0.0047454833984375,exact,0.046109380308786974,0.08549487964488839,0.7309941520467836,13,5,0,0.00644602878888445,0.09089836678504953,0.029724554206397778,0.1588544936679469,0.6169853210449219,0.10884409205118815,0.009490966796875,True,0.0237274169921875,True,1.0,False,1.0,False,diferenca real e nao-desprezivel,"Distill 4 (889K) e melhor, e a diferenca NAO cabe na margem de 0.05",diff = metrica(model_b) - metrica(model_a); >0 favorece model_b
focal,acc,Acc,SVM_FLIM,FLIM (59.504),59504,SVM_IJEPA,I-JEPA (632M),632000000,"""FLIM praticamente empatado com o teacher"" (F1 medio 0,938 vs 0,940 @100%)",0.05,1+5+25+50+75+100,0.9037333333333333,0.9301937023798625,0.7930277777777778,0.8771379899095606,18,18,48.0,123.0,48.0,0.1083831787109375,exact,0.017494853973388624,0.0841102121317828,0.43859649122807015,13,5,0,-0.0061144316355388195,0.04423342626889537,0.010033160177910757,0.1746636920599583,0.16236495971679688,0.1698825158278148,0.216766357421875,False,0.5419158935546875,False,0.32472991943359375,False,0.8118247985839844,False,inconclusivo,sem poder para decidir: nao se detectou diferenca NEM se demonstrou empate (tendencia a favor de I-JEPA (632M)),diff = metrica(model_b) - metrica(model_a); >0 favorece model_b
focal,acc,Acc,SVM_Distill_3x3BN,Distill 3 (615K),615024,SVM_Distill_Proj1280,Distill 4 (889K),889200,"""+45% de params rendem +0,007 de F1 e +0,002 de kappa"" (retornos decrescentes)",0.05,1+5+25+50+75+100,0.8230086167653401,0.8614313006401062,0.7909231588796334,0.8195246397345154,18,18,3.0,168.0,3.0,3.814697265625e-05,exact,0.028116305669148745,0.028601480854882115,0.9649122807017544,17,1,0,0.016435260574022864,0.038981497287750244,0.01955204924775493,0.037921858854867804,0.000209808349609375,0.03689941763877869,0.00019073486328125,True,0.00019073486328125,True,0.001049041748046875,True,0.001049041748046875,True,diferenca real porem menor que a margem,"Distill 4 (889K) vence de forma consistente, mas a diferenca e menor que 0.05 — real e desprezivel ao mesmo tempo",diff = metrica(model_b) - metrica(model_a); >0 favorece model_b
focal,acc,Acc,SVM_Distill_1x1BN_flim_frozen_eval_loss,Distill 1 - FLIM init (123K),123504,SVM_Distill_2l400K,Distill 2 (402K),402608,"""Distill 1 FLIM init tem kappa 0,82 contra 0,83 do Distill 2, com 1/3 dos params""",0.05,1+5+25+50+75+100,0.6834786732991536,0.8009237945079803,0.673381992512279,0.7546941411715966,18,18,18.0,153.0,18.0,0.00193023681640625,exact,0.09793869654337567,0.08131214865931762,0.7894736842105263,13,5,0,0.019390821456909346,0.13907359043757128,0.04064867982157958,0.12177496633871839,0.9092674255371094,0.11970458428064991,0.00579071044921875,True,0.00965118408203125,True,0.9092674255371094,False,1.0,False,diferenca real e nao-desprezivel,"Distill 2 (402K) e melhor, e a diferenca NAO cabe na margem de 0.05",diff = metrica(model_b) - metrica(model_a); >0 favorece model_b
focal,acc,Acc,SVM_Distill_2l400K,Distill 2 (402K),402608,SVM_Distill_3x3BN,Distill 3 (615K),615024,curva de retornos decrescentes das proj heads (Distill 2 -> 3),0.05,1+5+25+50+75+100,0.8009237945079803,0.8230086167653401,0.7546941411715966,0.7909231588796334,18,18,16.0,155.0,16.0,0.00128936767578125,exact,0.036881754795710264,0.036229017708036645,0.8128654970760234,15,3,0,0.011835048596064324,0.06211042404174805,0.019374017500215095,0.05312076637314429,0.09073257446289062,0.05331748723983765,0.005157470703125,True,0.00644683837890625,True,0.2830352783203125,False,0.4536628723144531,False,diferenca real e nao-desprezivel,"Distill 3 (615K) e melhor, e a diferenca NAO cabe na margem de 0.05",diff = metrica(model_b) - metrica(model_a); >0 favorece model_b
focal,acc,Acc,SVM_FLIM,FLIM (59.504),59504,SVM_Distill_Proj1280,Distill 4 (889K),889200,fronteira de Pareto: FLIM puro (60K) contra o melhor destilado (889K),0.05,1+5+25+50+75+100,0.9037333333333333,0.8614313006401062,0.7930277777777778,0.8195246397345154,18,18,53.0,53.0,118.0,0.16735076904296875,exact,-0.008735082181294762,0.026496861956737658,-0.38011695906432746,4,14,0,-0.03559313265482594,-0.0030031704902649947,-0.035681763420634824,0.10031409962431148,0.07075881958007812,0.10241038521925613,0.216766357421875,False,0.8367538452148438,False,0.2830352783203125,False,0.3537940979003906,False,inconclusivo,sem poder para decidir: nao se detectou diferenca NEM se demonstrou empate (tendencia a favor de FLIM (59.504)),diff = metrica(model_b) - metrica(model_a); >0 favorece model_b
focal_sem_1pct,f1,F1,SVM_FLIM,FLIM (59.504),59504,SVM_IJEPA,I-JEPA (632M),632000000,"""FLIM praticamente empatado com o teacher"" (F1 medio 0,938 vs 0,940 @100%)",0.05,5+25+50+75+100,0.9108666666666668,0.9403251608212788,0.9006688888888889,0.9045970744556852,15,15,51.0,69.0,51.0,0.638671875,exact,0.007112106450398836,0.003928185566796186,0.15,10,5,0,-0.03214282086690268,0.02709988787968942,-0.019728927069134185,0.027135778742260377,0.001312255859375,0.024322690677642703,1.0,False,1.0,False,0.006561279296875,True,0.006561279296875,True,EQUIVALENTES,empate demonstrado: a diferenca esta comprovadamente dentro de +/-0.05,diff = metrica(model_b) - metrica(model_a); >0 favorece model_b
focal_sem_1pct,f1,F1,SVM_Distill_3x3BN,Distill 3 (615K),615024,SVM_Distill_Proj1280,Distill 4 (889K),889200,"""+45% de params rendem +0,007 de F1 e +0,002 de kappa"" (retornos decrescentes)",0.05,5+25+50+75+100,0.8446568250656128,0.8829477032025655,0.8205480754375459,0.8517850995063782,15,15,3.0,117.0,3.0,0.00030517578125,exact,0.031915565331776974,0.03123702406883239,0.95,14,1,0,0.00813239812850941,0.04297802845637,0.020115858498546836,0.043379318979051396,0.0062255859375,0.04220365484555567,0.00091552734375,True,0.00152587890625,True,0.02490234375,True,0.0311279296875,True,diferenca real porem menor que a margem,"Distill 4 (889K) vence de forma consistente, mas a diferenca e menor que 0.05 — real e desprezivel ao mesmo tempo",diff = metrica(model_b) - metrica(model_a); >0 favorece model_b
focal_sem_1pct,f1,F1,SVM_Distill_1x1BN_flim_frozen_eval_loss,Distill 1 - FLIM init (123K),123504,SVM_Distill_2l400K,Distill 2 (402K),402608,"""Distill 1 FLIM init tem kappa 0,82 contra 0,83 do Distill 2, com 1/3 dos params""",0.05,5+25+50+75+100,0.7378596663475037,0.7970664898554484,0.7444860974947611,0.761843760808309,15,15,48.0,72.0,48.0,0.52447509765625,exact,-0.0037789146105448035,0.017357663313547777,0.2,7,8,0,-0.03406004110972083,0.05140930414199829,-0.014381734944052134,0.05155293439825374,0.0416259765625,0.047941436370213815,1.0,False,1.0,False,0.1248779296875,False,0.2081298828125,False,inconclusivo,sem poder para decidir: nao se detectou diferenca NEM se demonstrou empate (tendencia a favor de Distill 1 - FLIM init (123K)),diff = metrica(model_b) - metrica(model_a); >0 favorece model_b
focal_sem_1pct,f1,F1,SVM_Distill_2l400K,Distill 2 (402K),402608,SVM_Distill_3x3BN,Distill 3 (615K),615024,curva de retornos decrescentes das proj heads (Distill 2 -> 3),0.05,5+25+50+75+100,0.7970664898554484,0.8446568250656128,0.761843760808309,0.8205480754375459,15,15,1.0,119.0,1.0,0.0001220703125,exact,0.06744420528411876,0.05870431462923687,0.9833333333333333,14,1,0,0.02835019429524721,0.08657397826512658,0.040725487536854205,0.07683985036280423,0.848602294921875,0.07727235555648805,0.00048828125,True,0.0006103515625,True,0.848602294921875,False,1.0,False,diferenca real e nao-desprezivel,"Distill 3 (615K) e melhor, e a diferenca NAO cabe na margem de 0.05",diff = metrica(model_b) - metrica(model_a); >0 favorece model_b
focal_sem_1pct,f1,F1,SVM_FLIM,FLIM (59.504),59504,SVM_Distill_Proj1280,Distill 4 (889K),889200,fronteira de Pareto: FLIM puro (60K) contra o melhor destilado (889K),0.05,5+25+50+75+100,0.9108666666666668,0.8829477032025655,0.9006688888888889,0.8517850995063782,15,15,0.0,0.0,120.0,6.103515625e-05,exact,-0.0295189634641011,-0.04888378938251072,-1.0,0,15,0,-0.07280983101526894,-0.012170571549733444,-0.07601005894491408,-0.027209704878171315,0.210601806640625,0.0657540217717489,0.00030517578125,True,0.00030517578125,True,0.42120361328125,False,1.0,False,diferenca real e nao-desprezivel,"FLIM (59.504) e melhor, e a diferenca NAO cabe na margem de 0.05",diff = metrica(model_b) - metrica(model_a); >0 favorece model_b
focal_sem_1pct,kappa,kappa,SVM_FLIM,FLIM (59.504),59504,SVM_IJEPA,I-JEPA (632M),632000000,"""FLIM praticamente empatado com o teacher"" (F1 medio 0,938 vs 0,940 @100%)",0.05,5+25+50+75+100,0.8212999999999999,0.917085071404775,0.7856866666666666,0.8966651029056972,15,15,0.0,120.0,0.0,6.103515625e-05,exact,0.09744677721659323,0.11097843623903061,1.0,15,0,0,0.072597724755605,0.11211840473810841,0.0776514952295091,0.1531098761625289,0.99969482421875,0.11804510178565981,0.00030517578125,True,0.00030517578125,True,1.0,False,1.0,False,diferenca real e nao-desprezivel,"I-JEPA (632M) e melhor, e a diferenca NAO cabe na margem de 0.05",diff = metrica(model_b) - metrica(model_a); >0 favorece model_b
focal_sem_1pct,kappa,kappa,SVM_Distill_3x3BN,Distill 3 (615K),615024,SVM_Distill_Proj1280,Distill 4 (889K),889200,"""+45% de params rendem +0,007 de F1 e +0,002 de kappa"" (retornos decrescentes)",0.05,5+25+50+75+100,0.8325734933217367,0.8377420902252197,0.7923487252659268,0.8238023161888123,15,15,4.0,116.0,4.0,0.00042724609375,exact,0.03255097071329749,0.031453590922885466,0.9333333333333333,14,1,0,0.012244800726572747,0.05390077829360962,0.0195924350950453,0.04368216117223102,0.010772705078125,0.04240330060323078,0.00128173828125,True,0.00213623046875,True,0.053863525390625,False,0.053863525390625,False,diferenca real e nao-desprezivel,"Distill 4 (889K) e melhor, e a diferenca NAO cabe na margem de 0.05",diff = metrica(model_b) - metrica(model_a); >0 favorece model_b
focal_sem_1pct,kappa,kappa,SVM_Distill_1x1BN_flim_frozen_eval_loss,Distill 1 - FLIM init (123K),123504,SVM_Distill_2l400K,Distill 2 (402K),402608,"""Distill 1 FLIM init tem kappa 0,82 contra 0,83 do Distill 2, com 1/3 dos params""",0.05,5+25+50+75+100,0.753729502360026,0.7186267375946045,0.7340094791518317,0.7127396027247112,15,15,38.0,38.0,82.0,0.22930908203125,exact,-0.02879313627878821,-0.021269876427120627,-0.36666666666666664,5,10,0,-0.0802334348360697,0.022401611010233524,-0.05572691073020298,0.013867956168121767,0.08441162109375,0.05454675356547035,0.22930908203125,False,1.0,False,0.337646484375,False,0.42205810546875,False,inconclusivo,sem poder para decidir: nao se detectou diferenca NEM se demonstrou empate (tendencia a favor de Distill 1 - FLIM init (123K)),diff = metrica(model_b) - metrica(model_a); >0 favorece model_b
focal_sem_1pct,kappa,kappa,SVM_Distill_2l400K,Distill 2 (402K),402608,SVM_Distill_3x3BN,Distill 3 (615K),615024,curva de retornos decrescentes das proj heads (Distill 2 -> 3),0.05,5+25+50+75+100,0.7186267375946045,0.8325734933217367,0.7127396027247112,0.7923487252659268,15,15,1.0,119.0,1.0,0.0001220703125,exact,0.08078257242838538,0.07960912254121567,0.9833333333333333,14,1,0,0.05666428804397583,0.10717405875523889,0.059197265472677014,0.09884680847326914,0.990966796875,0.0999276638031006,0.00048828125,True,0.0006103515625,True,1.0,False,1.0,False,diferenca real e nao-desprezivel,"Distill 3 (615K) e melhor, e a diferenca NAO cabe na margem de 0.05",diff = metrica(model_b) - metrica(model_a); >0 favorece model_b
focal_sem_1pct,kappa,kappa,SVM_FLIM,FLIM (59.504),59504,SVM_Distill_Proj1280,Distill 4 (889K),889200,fronteira de Pareto: FLIM puro (60K) contra o melhor destilado (889K),0.05,5+25+50+75+100,0.8212999999999999,0.8377420902252197,0.7856866666666666,0.8238023161888123,15,15,23.0,97.0,23.0,0.03533935546875,exact,0.03253511387507113,0.038115649522145564,0.6166666666666667,10,5,0,-0.009853962262471594,0.08277728780110671,0.008368856067604437,0.07087415332741206,0.165130615234375,0.06195387078921006,0.0706787109375,False,0.17669677734375,False,0.495391845703125,False,0.825653076171875,False,inconclusivo,sem poder para decidir: nao se detectou diferenca NEM se demonstrou empate (tendencia a favor de Distill 4 (889K)),diff = metrica(model_b) - metrica(model_a); >0 favorece model_b
focal_sem_1pct,acc,Acc,SVM_FLIM,FLIM (59.504),59504,SVM_IJEPA,I-JEPA (632M),632000000,"""FLIM praticamente empatado com o teacher"" (F1 medio 0,938 vs 0,940 @100%)",0.05,5+25+50+75+100,0.9096666666666668,0.9468865195910136,0.900171111111111,0.9072183767954508,15,15,48.0,72.0,48.0,0.52447509765625,exact,0.009101391728719155,0.0070472656843397095,0.2,10,5,0,-0.02752178401947014,0.027841934553782033,-0.017402873406410235,0.0313393725742764,0.001678466796875,0.026710460758209157,0.52447509765625,False,1.0,False,0.0067138671875,True,0.008392333984375,True,EQUIVALENTES,empate demonstrado: a diferenca esta comprovadamente dentro de +/-0.05,diff = metrica(model_b) - metrica(model_a); >0 favorece model_b
focal_sem_1pct,acc,Acc,SVM_Distill_3x3BN,Distill 3 (615K),615024,SVM_Distill_Proj1280,Distill 4 (889K),889200,"""+45% de params rendem +0,007 de F1 e +0,002 de kappa"" (retornos decrescentes)",0.05,5+25+50+75+100,0.8424471418062845,0.8880375623703003,0.8345374570952522,0.8643761383162604,15,15,3.0,117.0,3.0,0.00030517578125,exact,0.029232223828633552,0.029838681221008287,0.95,14,1,0,0.013514677683512222,0.04559042056401574,0.01894594901137877,0.040553269485632586,0.001312255859375,0.039538602034250865,0.00091552734375,True,0.00152587890625,True,0.006561279296875,True,0.006561279296875,True,diferenca real porem menor que a margem,"Distill 4 (889K) vence de forma consistente, mas a diferenca e menor que 0.05 — real e desprezivel ao mesmo tempo",diff = metrica(model_b) - metrica(model_a); >0 favorece model_b
focal_sem_1pct,acc,Acc,SVM_Distill_1x1BN_flim_frozen_eval_loss,Distill 1 - FLIM init (123K),123504,SVM_Distill_2l400K,Distill 2 (402K),402608,"""Distill 1 FLIM init tem kappa 0,82 contra 0,83 do Distill 2, com 1/3 dos params""",0.05,5+25+50+75+100,0.7177679340044657,0.8216901620229086,0.7257236606544917,0.7878662824630738,15,15,18.0,102.0,18.0,0.01507568359375,exact,0.06687072912851966,0.06214262180858192,0.7,10,5,0,-0.013097306092580197,0.10608041286468506,0.020717867066462867,0.1036489197611809,0.660614013671875,0.10073154171307887,0.0301513671875,True,0.07537841796875,False,0.67877197265625,False,1.0,False,diferenca real e nao-desprezivel,"Distill 2 (402K) e melhor, e a diferenca NAO cabe na margem de 0.05",diff = metrica(model_b) - metrica(model_a); >0 favorece model_b
focal_sem_1pct,acc,Acc,SVM_Distill_2l400K,Distill 2 (402K),402608,SVM_Distill_3x3BN,Distill 3 (615K),615024,curva de retornos decrescentes das proj heads (Distill 2 -> 3),0.05,5+25+50+75+100,0.8216901620229086,0.8424471418062845,0.7878662824630738,0.8345374570952522,15,15,1.0,119.0,1.0,0.0001220703125,exact,0.052262842655181996,0.04667117463217842,0.9833333333333333,14,1,0,0.025272687276204353,0.07062993446985877,0.03150332258807287,0.061853700081507375,0.339385986328125,0.06305452187856032,0.0006103515625,True,0.0006103515625,True,0.67877197265625,False,1.0,False,diferenca real e nao-desprezivel,"Distill 3 (615K) e melhor, e a diferenca NAO cabe na margem de 0.05",diff = metrica(model_b) - metrica(model_a); >0 favorece model_b
focal_sem_1pct,acc,Acc,SVM_FLIM,FLIM (59.504),59504,SVM_Distill_Proj1280,Distill 4 (889K),889200,fronteira de Pareto: FLIM puro (60K) contra o melhor destilado (889K),0.05,5+25+50+75+100,0.9096666666666668,0.8880375623703003,0.900171111111111,0.8643761383162604,15,15,2.0,2.0,118.0,0.00018310546875,exact,-0.0183912725130716,-0.03579497279485067,-0.9666666666666667,1,14,0,-0.05823204409281413,-0.0053365896860757545,-0.06054185622146392,-0.01618266216399938,0.053497314453125,0.050091273419062284,0.000732421875,True,0.00091552734375,True,0.160491943359375,False,0.267486572265625,False,diferenca real e nao-desprezivel,"FLIM (59.504) e melhor, e a diferenca NAO cabe na margem de 0.05",diff = metrica(model_b) - metrica(model_a); >0 favorece model_b
completa,f1,F1,SVM_FLIM,FLIM (59.504),59504,SVM_LeJEPA,LeJEPA (59.504),59504,,0.05,1+5+25+50+75+100,0.9044166666666666,0.4498554219802221,0.7824425925925925,0.4813782437532037,18,18,13.0,13.0,158.0,0.00067138671875,exact,-0.40211901985804244,-0.30106434883938893,-0.847953216374269,3,15,0,-0.45921554005146037,-0.19146394769350683,-0.4221065387949789,-0.1659860797746756,0.9988327026367188,0.44111503043969486,0.00537109375,True,0.018798828125,True,1.0,False,1.0,False,diferenca real e nao-desprezivel,"FLIM (59.504) e melhor, e a diferenca NAO cabe na margem de 0.05",diff = metrica(model_b) - metrica(model_a); >0 favorece model_b
completa,f1,F1,SVM_FLIM,FLIM (59.504),59504,SVM_IJEPA,I-JEPA (632M),632000000,,0.05,1+5+25+50+75+100,0.9044166666666666,0.9191513856252035,0.7824425925925925,0.87169905172454,18,18,51.0,120.0,51.0,0.14151763916015625,exact,0.018532879447936912,0.08925645913194726,0.40350877192982454,13,5,0,-0.010239611434936513,0.038430293718973774,0.00549336683666265,0.1888391130689338,0.15189743041992188,0.1924600480715434,0.566070556640625,False,1.0,False,1.0,False,1.0,False,inconclusivo,sem poder para decidir: nao se detectou diferenca NEM se demonstrou empate (tendencia a favor de I-JEPA (632M)),diff = metrica(model_b) - metrica(model_a); >0 favorece model_b
completa,f1,F1,SVM_FLIM,FLIM (59.504),59504,SVM_Distill_1x1BN,Distill 1 (123K),123504,,0.05,1+5+25+50+75+100,0.9044166666666666,0.3291249175866444,0.7824425925925925,0.3221207603260323,18,18,4.0,4.0,167.0,5.340576171875e-05,exact,-0.4955274389982224,-0.46032183226656037,-0.9532163742690059,2,16,0,-0.5977902708967529,-0.4407049131155014,-0.5711794931644036,-0.33592775053945406,0.9999618530273438,0.5828885972003144,0.0007476806640625,True,0.001495361328125,True,1.0,False,1.0,False,diferenca real e nao-desprezivel,"FLIM (59.504) e melhor, e a diferenca NAO cabe na margem de 0.05",diff = metrica(model_b) - metrica(model_a); >0 favorece model_b
completa,f1,F1,SVM_FLIM,FLIM (59.504),59504,SVM_Distill_1x1BN_flim_frozen_eval_loss,Distill 1 - FLIM init (123K),123504,,0.05,1+5+25+50+75+100,0.9044166666666666,0.723375141620636,0.7824425925925925,0.6904175091120932,18,18,35.0,35.0,136.0,0.02684783935546875,exact,-0.1567813347339631,-0.09202508348049943,-0.5906432748538012,3,15,0,-0.18721257578531902,-0.01487538448969511,-0.17178773434652223,-0.0060877224186725145,0.86773681640625,0.1810415250460307,0.1610870361328125,False,0.751739501953125,False,1.0,False,1.0,False,inconclusivo,sem poder para decidir: nao se detectou diferenca NEM se demonstrou empate (tendencia a favor de FLIM (59.504)),diff = metrica(model_b) - metrica(model_a); >0 favorece model_b
completa,f1,F1,SVM_FLIM,FLIM (59.504),59504,SVM_Distill_2l400K,Distill 2 (402K),402608,,0.05,1+5+25+50+75+100,0.9044166666666666,0.7746110359827677,0.7824425925925925,0.726040443888417,18,18,51.0,51.0,120.0,0.14151763916015625,exact,-0.1029478315194447,-0.056402148704175606,-0.40350877192982454,3,15,0,-0.18994715778032945,-0.05607643763224274,-0.13893756244359193,0.04094682711552689,0.9018058776855469,0.15095623675982153,0.566070556640625,False,1.0,False,1.0,False,1.0,False,inconclusivo,sem poder para decidir: nao se detectou diferenca NEM se demonstrou empate (tendencia a favor de FLIM (59.504)),diff = metrica(model_b) - metrica(model_a); >0 favorece model_b
completa,f1,F1,SVM_FLIM,FLIM (59.504),59504,SVM_Distill_3x3BN,Distill 3 (615K),615024,,0.05,1+5+25+50+75+100,0.9044166666666666,0.8174495299657186,0.7824425925925925,0.773551540794196,18,18,51.0,51.0,120.0,0.14151763916015625,exact,-0.052263697004318266,-0.008891051798396638,-0.40350877192982454,3,15,0,-0.10618573737144466,-0.015348473628362114,-0.08251540225232089,0.07607106341428227,0.5338592529296875,0.08572614418665576,0.566070556640625,False,1.0,False,1.0,False,1.0,False,inconclusivo,sem poder para decidir: nao se detectou diferenca NEM se demonstrou empate (tendencia a favor de FLIM (59.504)),diff = metrica(model_b) - metrica(model_a); >0 favorece model_b
completa,f1,F1,SVM_FLIM,FLIM (59.504),59504,SVM_Distill_Proj1280,Distill 4 (889K),889200,,0.05,1+5+25+50+75+100,0.9044166666666666,0.8424367407957712,0.7824425925925925,0.8007700928935297,18,18,51.0,51.0,120.0,0.14151763916015625,exact,-0.02249684572219851,0.01832750030093722,-0.40350877192982454,3,15,0,-0.06253588447570801,-0.006773609765370614,-0.046808143817274696,0.09943245257673432,0.06486892700195312,0.09872235102653502,0.566070556640625,False,1.0,False,1.0,False,1.0,False,inconclusivo,sem poder para decidir: nao se detectou diferenca NEM se demonstrou empate (tendencia a favor de FLIM (59.504)),diff = metrica(model_b) - metrica(model_a); >0 favorece model_b
completa,f1,F1,SVM_LeJEPA,LeJEPA (59.504),59504,SVM_IJEPA,I-JEPA (632M),632000000,,0.05,1+5+25+50+75+100,0.4498554219802221,0.9191513856252035,0.4813782437532037,0.87169905172454,18,18,0.0,171.0,0.0,7.62939453125e-06,exact,0.4264602760473888,0.3903208079713363,1.0,18,0,0,0.27258747816085804,0.4871854682763417,0.3190261018841907,0.45979250218305323,1.0,0.4631183321277301,0.000213623046875,True,0.000213623046875,True,1.0,False,1.0,False,diferenca real e nao-desprezivel,"I-JEPA (632M) e melhor, e a diferenca NAO cabe na margem de 0.05",diff = metrica(model_b) - metrica(model_a); >0 favorece model_b
completa,f1,F1,SVM_LeJEPA,LeJEPA (59.504),59504,SVM_Distill_1x1BN,Distill 1 (123K),123504,,0.05,1+5+25+50+75+100,0.4498554219802221,0.3291249175866444,0.4813782437532037,0.3221207603260323,18,17,15.0,15.0,138.0,0.0020904541015625,exact,-0.20600244651238125,-0.15925748342717133,-0.803921568627451,3,14,1,-0.2882517849405608,-0.004564220706621797,-0.22938999065922372,-0.08342634145584374,0.9955177307128906,0.2440580675999324,0.0146331787109375,True,0.05853271484375,False,1.0,False,1.0,False,diferenca real e nao-desprezivel,"LeJEPA (59.504) e melhor, e a diferenca NAO cabe na margem de 0.05",diff = metrica(model_b) - metrica(model_a); >0 favorece model_b
completa,f1,F1,SVM_LeJEPA,LeJEPA (59.504),59504,SVM_Distill_1x1BN_flim_frozen_eval_loss,Distill 1 - FLIM init (123K),123504,,0.05,1+5+25+50+75+100,0.4498554219802221,0.723375141620636,0.4813782437532037,0.6904175091120932,18,18,9.0,162.0,9.0,0.00025177001953125,exact,0.23109699785709378,0.20903926535888956,0.8947368421052632,15,3,0,0.13229424754778546,0.3284050027529398,0.12251164281257877,0.2910283176297391,0.99859619140625,0.29941759506861376,0.00276947021484375,True,0.007049560546875,True,1.0,False,1.0,False,diferenca real e nao-desprezivel,"Distill 1 - FLIM init (123K) e melhor, e a diferenca NAO cabe na margem de 0.05",diff = metrica(model_b) - metrica(model_a); >0 favorece model_b
completa,f1,F1,SVM_LeJEPA,LeJEPA (59.504),59504,SVM_Distill_2l400K,Distill 2 (402K),402608,,0.05,1+5+25+50+75+100,0.4498554219802221,0.7746110359827677,0.4813782437532037,0.726040443888417,18,18,1.0,170.0,1.0,1.52587890625e-05,exact,0.20515436927477515,0.24466220013521336,0.9883040935672515,17,1,0,0.12570744256178543,0.35959537327289587,0.1737504224534388,0.3190762161932609,0.9999809265136719,0.3125283295909565,0.000244140625,True,0.00042724609375,True,1.0,False,1.0,False,diferenca real e nao-desprezivel,"Distill 2 (402K) e melhor, e a diferenca NAO cabe na margem de 0.05",diff = metrica(model_b) - metrica(model_a); >0 favorece model_b
completa,f1,F1,SVM_LeJEPA,LeJEPA (59.504),59504,SVM_Distill_3x3BN,Distill 3 (615K),615024,,0.05,1+5+25+50+75+100,0.4498554219802221,0.8174495299657186,0.4813782437532037,0.773551540794196,18,18,0.0,171.0,0.0,7.62939453125e-06,exact,0.3108694950739543,0.2921732970409924,1.0,18,0,0,0.15452397863070166,0.42070357004801434,0.21376092695389634,0.3702483240170059,0.9999885559082031,0.36314180990060174,0.000213623046875,True,0.000213623046875,True,1.0,False,1.0,False,diferenca real e nao-desprezivel,"Distill 3 (615K) e melhor, e a diferenca NAO cabe na margem de 0.05",diff = metrica(model_b) - metrica(model_a); >0 favorece model_b
completa,f1,F1,SVM_LeJEPA,LeJEPA (59.504),59504,SVM_Distill_Proj1280,Distill 4 (889K),889200,,0.05,1+5+25+50+75+100,0.4498554219802221,0.8424367407957712,0.4813782437532037,0.8007700928935297,18,18,0.0,171.0,0.0,7.62939453125e-06,exact,0.33854084710280097,0.3193918491403262,1.0,18,0,0,0.1921423027912776,0.43912400801976526,0.23805728237386103,0.3976578614915962,0.9999885559082031,0.3935956954956056,0.000213623046875,True,0.000213623046875,True,1.0,False,1.0,False,diferenca real e nao-desprezivel,"Distill 4 (889K) e melhor, e a diferenca NAO cabe na margem de 0.05",diff = metrica(model_b) - metrica(model_a); >0 favorece model_b
completa,f1,F1,SVM_IJEPA,I-JEPA (632M),632000000,SVM_Distill_1x1BN,Distill 1 (123K),123504,,0.05,1+5+25+50+75+100,0.9191513856252035,0.3291249175866444,0.87169905172454,0.3221207603260323,18,18,0.0,0.0,171.0,7.62939453125e-06,exact,-0.505838451286157,-0.5495782913985077,-1.0,0,18,0,-0.5667985901236535,-0.44918692111969005,-0.613601195084414,-0.49246963211162775,1.0,0.6155908890068532,0.000213623046875,True,0.000213623046875,True,1.0,False,1.0,False,diferenca real e nao-desprezivel,"I-JEPA (632M) e melhor, e a diferenca NAO cabe na margem de 0.05",diff = metrica(model_b) - metrica(model_a); >0 favorece model_b
completa,f1,F1,SVM_IJEPA,I-JEPA (632M),632000000,SVM_Distill_1x1BN_flim_frozen_eval_loss,Distill 1 - FLIM init (123K),123504,,0.05,1+5+25+50+75+100,0.9191513856252035,0.723375141620636,0.87169905172454,0.6904175091120932,18,18,0.0,0.0,171.0,7.62939453125e-06,exact,-0.18146624167760217,-0.1812815426124467,-1.0,0,18,0,-0.22202772895495096,-0.10735454161961872,-0.24246954013490019,-0.1257501419840588,0.999664306640625,0.22361592700084057,0.000213623046875,True,0.000213623046875,True,1.0,False,1.0,False,diferenca real e nao-desprezivel,"I-JEPA (632M) e melhor, e a diferenca NAO cabe na margem de 0.05",diff = metrica(model_b) - metrica(model_a); >0 favorece model_b
completa,f1,F1,SVM_IJEPA,I-JEPA (632M),632000000,SVM_Distill_2l400K,Distill 2 (402K),402608,,0.05,1+5+25+50+75+100,0.9191513856252035,0.7746110359827677,0.87169905172454,0.726040443888417,18,18,0.0,0.0,171.0,7.62939453125e-06,exact,-0.12820799152056378,-0.1456586078361229,-1.0,0,18,0,-0.18886422117551166,-0.10134264826774586,-0.18128980020130117,-0.11263142644807142,0.9999885559082031,0.17487715681393937,0.000213623046875,True,0.000213623046875,True,1.0,False,1.0,False,diferenca real e nao-desprezivel,"I-JEPA (632M) e melhor, e a diferenca NAO cabe na margem de 0.05",diff = metrica(model_b) - metrica(model_a); >0 favorece model_b
completa,f1,F1,SVM_IJEPA,I-JEPA (632M),632000000,SVM_Distill_3x3BN,Distill 3 (615K),615024,,0.05,1+5+25+50+75+100,0.9191513856252035,0.8174495299657186,0.87169905172454,0.773551540794196,18,18,0.0,0.0,171.0,7.62939453125e-06,exact,-0.08413332700729365,-0.09814751093034389,-1.0,0,18,0,-0.11024061838785806,-0.05871659517288208,-0.13514351866863392,-0.06693726239932905,0.9967117309570312,0.11690846582253774,0.000213623046875,True,0.000213623046875,True,1.0,False,1.0,False,diferenca real e nao-desprezivel,"I-JEPA (632M) e melhor, e a diferenca NAO cabe na margem de 0.05",diff = metrica(model_b) - metrica(model_a); >0 favorece model_b
completa,f1,F1,SVM_IJEPA,I-JEPA (632M),632000000,SVM_Distill_Proj1280,Distill 4 (889K),889200,,0.05,1+5+25+50+75+100,0.9191513856252035,0.8424367407957712,0.87169905172454,0.8007700928935297,18,18,0.0,0.0,171.0,7.62939453125e-06,exact,-0.05157208442687983,-0.07092895883101005,-1.0,0,18,0,-0.08285733064015721,-0.03940181930859876,-0.10302944889775027,-0.045256017672794836,0.8036308288574219,0.08125851551691694,0.000213623046875,True,0.000213623046875,True,1.0,False,1.0,False,diferenca real e nao-desprezivel,"I-JEPA (632M) e melhor, e a diferenca NAO cabe na margem de 0.05",diff = metrica(model_b) - metrica(model_a); >0 favorece model_b
completa,f1,F1,SVM_Distill_1x1BN,Distill 1 (123K),123504,SVM_Distill_1x1BN_flim_frozen_eval_loss,Distill 1 - FLIM init (123K),123504,,0.05,1+5+25+50+75+100,0.3291249175866444,0.723375141620636,0.3221207603260323,0.6904175091120932,18,18,0.0,171.0,0.0,7.62939453125e-06,exact,0.36917569736639655,0.3682967487860609,1.0,18,0,0,0.2899857660134633,0.4333675056695938,0.311682203422404,0.4242394800228929,1.0,0.42471118271350866,0.000213623046875,True,0.000213623046875,True,1.0,False,1.0,False,diferenca real e nao-desprezivel,"Distill 1 - FLIM init (123K) e melhor, e a diferenca NAO cabe na margem de 0.05",diff = metrica(model_b) - metrica(model_a); >0 favorece model_b
completa,f1,F1,SVM_Distill_1x1BN,Distill 1 (123K),123504,SVM_Distill_2l400K,Distill 2 (402K),402608,,0.05,1+5+25+50+75+100,0.3291249175866444,0.7746110359827677,0.3221207603260323,0.726040443888417,18,18,0.0,171.0,0.0,7.62939453125e-06,exact,0.37089720616738003,0.4039196835623847,1.0,18,0,0,0.3355798125267029,0.43494154512882244,0.3635354290785337,0.44746875220012877,1.0,0.44914757212003076,0.000213623046875,True,0.000213623046875,True,1.0,False,1.0,False,diferenca real e nao-desprezivel,"Distill 2 (402K) e melhor, e a diferenca NAO cabe na margem de 0.05",diff = metrica(model_b) - metrica(model_a); >0 favorece model_b
completa,f1,F1,SVM_Distill_1x1BN,Distill 1 (123K),123504,SVM_Distill_3x3BN,Distill 3 (615K),615024,,0.05,1+5+25+50+75+100,0.3291249175866444,0.8174495299657186,0.3221207603260323,0.773551540794196,18,18,0.0,171.0,0.0,7.62939453125e-06,exact,0.4354324912031492,0.4514307804681637,1.0,18,0,0,0.3722706933816274,0.48987603187561035,0.3989999646665874,0.5076447498812169,1.0,0.4964278091986975,0.000213623046875,True,0.000213623046875,True,1.0,False,1.0,False,diferenca real e nao-desprezivel,"Distill 3 (615K) e melhor, e a diferenca NAO cabe na margem de 0.05",diff = metrica(model_b) - metrica(model_a); >0 favorece model_b
completa,f1,F1,SVM_Distill_1x1BN,Distill 1 (123K),123504,SVM_Distill_Proj1280,Distill 4 (889K),889200,,0.05,1+5+25+50+75+100,0.3291249175866444,0.8424367407957712,0.3221207603260323,0.8007700928935297,18,18,0.0,171.0,0.0,7.62939453125e-06,exact,0.44393373032410943,0.4786493325674976,1.0,18,0,0,0.4138156821330389,0.5101640770832698,0.42233032902219786,0.5410879482791104,1.0,0.5370217598974706,0.000213623046875,True,0.000213623046875,True,1.0,False,1.0,False,diferenca real e nao-desprezivel,"Distill 4 (889K) e melhor, e a diferenca NAO cabe na margem de 0.05",diff = metrica(model_b) - metrica(model_a); >0 favorece model_b
completa,f1,F1,SVM_Distill_1x1BN_flim_frozen_eval_loss,Distill 1 - FLIM init (123K),123504,SVM_Distill_2l400K,Distill 2 (402K),402608,,0.05,1+5+25+50+75+100,0.723375141620636,0.7746110359827677,0.6904175091120932,0.726040443888417,18,18,48.0,123.0,48.0,0.1083831787109375,exact,0.03299134969711298,0.03562293477632382,0.43859649122807015,10,8,0,-0.01893793543179828,0.08142919341723126,0.0026372672438069993,0.07096426040624022,0.18460845947265625,0.06758809089660646,0.5419158935546875,False,1.0,False,1.0,False,1.0,False,inconclusivo,sem poder para decidir: nao se detectou diferenca NEM se demonstrou empate (tendencia a favor de Distill 2 (402K)),diff = metrica(model_b) - metrica(model_a); >0 favorece model_b
completa,f1,F1,SVM_Distill_1x1BN_flim_frozen_eval_loss,Distill 1 - FLIM init (123K),123504,SVM_Distill_3x3BN,Distill 3 (615K),615024,,0.05,1+5+25+50+75+100,0.723375141620636,0.8174495299657186,0.6904175091120932,0.773551540794196,18,18,10.0,161.0,10.0,0.00032806396484375,exact,0.09541465838750207,0.08313403168210279,0.8830409356725146,15,3,0,0.044770687818527166,0.12330894668896991,0.05370373492025667,0.11346970791756003,0.97003173828125,0.11323127150535585,0.0032806396484375,True,0.009185791015625,True,1.0,False,1.0,False,diferenca real e nao-desprezivel,"Distill 3 (615K) e melhor, e a diferenca NAO cabe na margem de 0.05",diff = metrica(model_b) - metrica(model_a); >0 favorece model_b
completa,f1,F1,SVM_Distill_1x1BN_flim_frozen_eval_loss,Distill 1 - FLIM init (123K),123504,SVM_Distill_Proj1280,Distill 4 (889K),889200,,0.05,1+5+25+50+75+100,0.723375141620636,0.8424367407957712,0.6904175091120932,0.8007700928935297,18,18,3.0,168.0,3.0,3.814697265625e-05,exact,0.11746049920717877,0.11035258378143666,0.9649122807017544,17,1,0,0.05437949299812311,0.14656772464513773,0.07469336396704121,0.14812390852581572,0.9993553161621094,0.14206709464391074,0.00057220458984375,True,0.001068115234375,True,1.0,False,1.0,False,diferenca real e nao-desprezivel,"Distill 4 (889K) e melhor, e a diferenca NAO cabe na margem de 0.05",diff = metrica(model_b) - metrica(model_a); >0 favorece model_b
completa,f1,F1,SVM_Distill_2l400K,Distill 2 (402K),402608,SVM_Distill_3x3BN,Distill 3 (615K),615024,,0.05,1+5+25+50+75+100,0.7746110359827677,0.8174495299657186,0.726040443888417,0.773551540794196,18,18,11.0,160.0,11.0,0.00041961669921875,exact,0.04037453730901086,0.04751109690577896,0.8713450292397661,16,2,0,0.018828709920247405,0.07991260290145874,0.027211219265505127,0.06767211065248208,0.5338592529296875,0.06700869401295985,0.00377655029296875,True,0.011749267578125,True,1.0,False,1.0,False,diferenca real e nao-desprezivel,"Distill 3 (615K) e melhor, e a diferenca NAO cabe na margem de 0.05",diff = metrica(model_b) - metrica(model_a); >0 favorece model_b
completa,f1,F1,SVM_Distill_2l400K,Distill 2 (402K),402608,SVM_Distill_Proj1280,Distill 4 (889K),889200,,0.05,1+5+25+50+75+100,0.7746110359827677,0.8424367407957712,0.726040443888417,0.8007700928935297,18,18,6.0,165.0,6.0,0.0001068115234375,exact,0.06488567590713495,0.07472964900511284,0.9298245614035088,16,2,0,0.039641330639521244,0.1174962719281516,0.04818495967321925,0.10111005099283325,0.9292411804199219,0.1003028651078542,0.0013885498046875,True,0.00299072265625,True,1.0,False,1.0,False,diferenca real e nao-desprezivel,"Distill 4 (889K) e melhor, e a diferenca NAO cabe na margem de 0.05",diff = metrica(model_b) - metrica(model_a); >0 favorece model_b
completa,f1,F1,SVM_Distill_3x3BN,Distill 3 (615K),615024,SVM_Distill_Proj1280,Distill 4 (889K),889200,,0.05,1+5+25+50+75+100,0.8174495299657186,0.8424367407957712,0.773551540794196,0.8007700928935297,18,18,8.0,163.0,8.0,0.00019073486328125,exact,0.02669797341028851,0.02721855209933386,0.9064327485380117,16,2,0,0.012764098246892177,0.03798788785934443,0.016715791559329757,0.03810783972342806,0.000789642333984375,0.03663563728332526,0.002288818359375,True,0.005340576171875,True,0.0221099853515625,True,0.0221099853515625,True,diferenca real porem menor que a margem,"Distill 4 (889K) vence de forma consistente, mas a diferenca e menor que 0.05 — real e desprezivel ao mesmo tempo",diff = metrica(model_b) - metrica(model_a); >0 favorece model_b
completa,kappa,kappa,SVM_FLIM,FLIM (59.504),59504,SVM_LeJEPA,LeJEPA (59.504),59504,,0.05,1+5+25+50+75+100,0.8104,0.2918949524561564,0.6714518518518519,0.2946360972192552,18,18,5.0,5.0,166.0,7.62939453125e-05,exact,-0.43519672149022415,-0.3768157546325966,-0.9415204678362573,2,16,0,-0.557153556251526,-0.2170166630744934,-0.4946046983681785,-0.2511754210226183,0.9998359680175781,0.5041672806104025,0.0008392333984375,True,0.00213623046875,True,1.0,False,1.0,False,diferenca real e nao-desprezivel,"FLIM (59.504) e melhor, e a diferenca NAO cabe na margem de 0.05",diff = metrica(model_b) - metrica(model_a); >0 favorece model_b
completa,kappa,kappa,SVM_FLIM,FLIM (59.504),59504,SVM_IJEPA,I-JEPA (632M),632000000,,0.05,1+5+25+50+75+100,0.8104,0.8867230614026387,0.6714518518518519,0.8621069877235977,18,18,0.0,171.0,0.0,7.62939453125e-06,exact,0.10387705763181049,0.19065513587174593,1.0,18,0,0,0.07424640682538347,0.20036905814806616,0.1082163324310603,0.291834718912884,0.9999618530273438,0.26130915525754306,0.000213623046875,True,0.000213623046875,True,1.0,False,1.0,False,diferenca real e nao-desprezivel,"I-JEPA (632M) e melhor, e a diferenca NAO cabe na margem de 0.05",diff = metrica(model_b) - metrica(model_a); >0 favorece model_b
completa,kappa,kappa,SVM_FLIM,FLIM (59.504),59504,SVM_Distill_1x1BN,Distill 1 (123K),123504,,0.05,1+5+25+50+75+100,0.8104,0.06398279468218475,0.6714518518518519,0.10423917461324618,18,18,0.0,0.0,171.0,7.62939453125e-06,exact,-0.60701155017217,-0.5672126772386057,-1.0,0,18,0,-0.7065895315647126,-0.5614366058985393,-0.6616674129142144,-0.4591302185009586,0.9999961853027344,0.678125490585963,0.000213623046875,True,0.000213623046875,True,1.0,False,1.0,False,diferenca real e nao-desprezivel,"FLIM (59.504) e melhor, e a diferenca NAO cabe na margem de 0.05",diff = metrica(model_b) - metrica(model_a); >0 favorece model_b
completa,kappa,kappa,SVM_FLIM,FLIM (59.504),59504,SVM_Distill_1x1BN_flim_frozen_eval_loss,Distill 1 - FLIM init (123K),123504,,0.05,1+5+25+50+75+100,0.8104,0.735022246837616,0.6714518518518519,0.654050843583213,18,18,58.0,58.0,113.0,0.24620819091796875,exact,-0.08442807180086781,-0.017401008268638912,-0.3216374269005848,7,11,0,-0.10704441982905077,0.06302269500096641,-0.08105461895390799,0.056625735237421794,0.31984710693359375,0.09621677449544282,0.7386245727539062,False,1.0,False,1.0,False,1.0,False,inconclusivo,sem poder para decidir: nao se detectou diferenca NEM se demonstrou empate (tendencia a favor de FLIM (59.504)),diff = metrica(model_b) - metrica(model_a); >0 favorece model_b
completa,kappa,kappa,SVM_FLIM,FLIM (59.504),59504,SVM_Distill_2l400K,Distill 2 (402K),402608,,0.05,1+5+25+50+75+100,0.8104,0.6926147242387136,0.6714518518518519,0.6649608159506762,18,18,64.0,64.0,107.0,0.3692169189453125,exact,-0.0757903299013774,-0.006491035901175611,-0.25146198830409355,6,12,0,-0.10459846647580467,0.017220636892318675,-0.07855767308310227,0.08544711274968252,0.4661407470703125,0.09162466893196104,0.7386245727539062,False,1.0,False,1.0,False,1.0,False,inconclusivo,sem poder para decidir: nao se detectou diferenca NEM se demonstrou empate (tendencia a favor de FLIM (59.504)),diff = metrica(model_b) - metrica(model_a); >0 favorece model_b
completa,kappa,kappa,SVM_FLIM,FLIM (59.504),59504,SVM_Distill_3x3BN,Distill 3 (615K),615024,,0.05,1+5+25+50+75+100,0.8104,0.7990082105000813,0.6714518518518519,0.7296218574047089,18,18,53.0,118.0,53.0,0.16735076904296875,exact,0.01299045920372005,0.05817000555285699,0.38011695906432746,10,8,0,-0.020340195480982537,0.07433235658009851,-0.0008477077139307119,0.13854075734504942,0.2341461181640625,0.07433235658009853,0.669403076171875,False,1.0,False,1.0,False,1.0,False,inconclusivo,sem poder para decidir: nao se detectou diferenca NEM se demonstrou empate (tendencia a favor de Distill 3 (615K)),diff = metrica(model_b) - metrica(model_a); >0 favorece model_b
completa,kappa,kappa,SVM_FLIM,FLIM (59.504),59504,SVM_Distill_Proj1280,Distill 4 (889K),889200,,0.05,1+5+25+50+75+100,0.8104,0.8255824247996012,0.6714518518518519,0.7569467314967402,18,18,23.0,148.0,23.0,0.0047454833984375,exact,0.046109380308786974,0.08549487964488839,0.7309941520467836,13,5,0,0.00644602878888445,0.09089836678504953,0.02866067550535556,0.1585135984110832,0.6169853210449219,0.10884409205118815,0.0237274169921875,True,0.13287353515625,False,1.0,False,1.0,False,diferenca real e nao-desprezivel,"Distill 4 (889K) e melhor, e a diferenca NAO cabe na margem de 0.05",diff = metrica(model_b) - metrica(model_a); >0 favorece model_b
completa,kappa,kappa,SVM_LeJEPA,LeJEPA (59.504),59504,SVM_IJEPA,I-JEPA (632M),632000000,,0.05,1+5+25+50+75+100,0.2918949524561564,0.8867230614026387,0.2946360972192552,0.8621069877235977,18,18,0.0,171.0,0.0,7.62939453125e-06,exact,0.573455442984899,0.5674708905043425,1.0,18,0,0,0.4971757928530375,0.6628502408663433,0.4966543273517379,0.6392684063149823,1.0,0.6409698824087781,0.000213623046875,True,0.000213623046875,True,1.0,False,1.0,False,diferenca real e nao-desprezivel,"I-JEPA (632M) e melhor, e a diferenca NAO cabe na margem de 0.05",diff = metrica(model_b) - metrica(model_a); >0 favorece model_b
completa,kappa,kappa,SVM_LeJEPA,LeJEPA (59.504),59504,SVM_Distill_1x1BN,Distill 1 (123K),123504,,0.05,1+5+25+50+75+100,0.2918949524561564,0.06398279468218475,0.2946360972192552,0.10423917461324618,18,17,15.0,15.0,138.0,0.0020904541015625,exact,-0.22758529583613074,-0.19039692260600902,-0.803921568627451,3,14,1,-0.3214391171932221,-0.04242946704228717,-0.28531914005676906,-0.0944938666842602,0.9939842224121094,0.2854431668917338,0.012542724609375,True,0.05853271484375,False,1.0,False,1.0,False,diferenca real e nao-desprezivel,"LeJEPA (59.504) e melhor, e a diferenca NAO cabe na margem de 0.05",diff = metrica(model_b) - metrica(model_a); >0 favorece model_b
completa,kappa,kappa,SVM_LeJEPA,LeJEPA (59.504),59504,SVM_Distill_1x1BN_flim_frozen_eval_loss,Distill 1 - FLIM init (123K),123504,,0.05,1+5+25+50+75+100,0.2918949524561564,0.735022246837616,0.2946360972192552,0.654050843583213,18,18,3.0,168.0,3.0,3.814697265625e-05,exact,0.42273352543512976,0.35941474636395776,0.9649122807017544,17,1,0,0.26453407605489093,0.49096012115478516,0.2536745618614885,0.45768174802263584,0.9999275207519531,0.46221086382865906,0.00049591064453125,True,0.001068115234375,True,1.0,False,1.0,False,diferenca real e nao-desprezivel,"Distill 1 - FLIM init (123K) e melhor, e a diferenca NAO cabe na margem de 0.05",diff = metrica(model_b) - metrica(model_a); >0 favorece model_b
completa,kappa,kappa,SVM_LeJEPA,LeJEPA (59.504),59504,SVM_Distill_2l400K,Distill 2 (402K),402608,,0.05,1+5+25+50+75+100,0.2918949524561564,0.6926147242387136,0.2946360972192552,0.6649608159506762,18,18,0.0,171.0,0.0,7.62939453125e-06,exact,0.3375800450642904,0.37032471873142103,1.0,18,0,0,0.24451728661855063,0.5134124656518301,0.2823406163741042,0.4594499052674683,1.0,0.4580942293008169,0.000213623046875,True,0.000213623046875,True,1.0,False,1.0,False,diferenca real e nao-desprezivel,"Distill 2 (402K) e melhor, e a diferenca NAO cabe na margem de 0.05",diff = metrica(model_b) - metrica(model_a); >0 favorece model_b
completa,kappa,kappa,SVM_LeJEPA,LeJEPA (59.504),59504,SVM_Distill_3x3BN,Distill 3 (615K),615024,,0.05,1+5+25+50+75+100,0.2918949524561564,0.7990082105000813,0.2946360972192552,0.7296218574047089,18,18,0.0,171.0,0.0,7.62939453125e-06,exact,0.4699542125066122,0.43498576018545365,1.0,18,0,0,0.2942255338033041,0.6102367540200551,0.340364374468724,0.5279151056651715,0.9999961853027344,0.5305756628513337,0.000213623046875,True,0.000213623046875,True,1.0,False,1.0,False,diferenca real e nao-desprezivel,"Distill 3 (615K) e melhor, e a diferenca NAO cabe na margem de 0.05",diff = metrica(model_b) - metrica(model_a); >0 favorece model_b
completa,kappa,kappa,SVM_LeJEPA,LeJEPA (59.504),59504,SVM_Distill_Proj1280,Distill 4 (889K),889200,,0.05,1+5+25+50+75+100,0.2918949524561564,0.8255824247996012,0.2946360972192552,0.7569467314967402,18,18,0.0,171.0,0.0,7.62939453125e-06,exact,0.49756350119908654,0.4623106342774851,1.0,18,0,0,0.33181099096934,0.597745676835378,0.3705815128154225,0.5482612866770338,0.9999961853027344,0.5617559949556987,0.000213623046875,True,0.000213623046875,True,1.0,False,1.0,False,diferenca real e nao-desprezivel,"Distill 4 (889K) e melhor, e a diferenca NAO cabe na margem de 0.05",diff = metrica(model_b) - metrica(model_a); >0 favorece model_b
completa,kappa,kappa,SVM_IJEPA,I-JEPA (632M),632000000,SVM_Distill_1x1BN,Distill 1 (123K),123504,,0.05,1+5+25+50+75+100,0.8867230614026387,0.06398279468218475,0.8621069877235977,0.10423917461324618,18,18,0.0,0.0,171.0,7.62939453125e-06,exact,-0.7615727384885154,-0.7578678131103516,-1.0,0,18,0,-0.8575228353341421,-0.6712014377117157,-0.8075857235601656,-0.7074386888632069,1.0,0.8039686083793641,0.000213623046875,True,0.000213623046875,True,1.0,False,1.0,False,diferenca real e nao-desprezivel,"I-JEPA (632M) e melhor, e a diferenca NAO cabe na margem de 0.05",diff = metrica(model_b) - metrica(model_a); >0 favorece model_b
completa,kappa,kappa,SVM_IJEPA,I-JEPA (632M),632000000,SVM_Distill_1x1BN_flim_frozen_eval_loss,Distill 1 - FLIM init (123K),123504,,0.05,1+5+25+50+75+100,0.8867230614026387,0.735022246837616,0.8621069877235977,0.654050843583213,18,18,0.0,0.0,171.0,7.62939453125e-06,exact,-0.16016030311584473,-0.2080561441403848,-1.0,0,18,0,-0.26340820391972863,-0.13883129755655926,-0.28342610672116275,-0.14324600881448496,0.9999275207519531,0.26457343498865765,0.000213623046875,True,0.000213623046875,True,1.0,False,1.0,False,diferenca real e nao-desprezivel,"I-JEPA (632M) e melhor, e a diferenca NAO cabe na margem de 0.05",diff = metrica(model_b) - metrica(model_a); >0 favorece model_b
completa,kappa,kappa,SVM_IJEPA,I-JEPA (632M),632000000,SVM_Distill_2l400K,Distill 2 (402K),402608,,0.05,1+5+25+50+75+100,0.8867230614026387,0.6926147242387136,0.8621069877235977,0.6649608159506762,18,18,0.0,0.0,171.0,7.62939453125e-06,exact,-0.20260777076085407,-0.1971461717729215,-1.0,0,18,0,-0.23635258277257276,-0.13848991245031375,-0.2350113610150637,-0.16114132089747324,1.0,0.23009369770685834,0.000213623046875,True,0.000213623046875,True,1.0,False,1.0,False,diferenca real e nao-desprezivel,"I-JEPA (632M) e melhor, e a diferenca NAO cabe na margem de 0.05",diff = metrica(model_b) - metrica(model_a); >0 favorece model_b
completa,kappa,kappa,SVM_IJEPA,I-JEPA (632M),632000000,SVM_Distill_3x3BN,Distill 3 (615K),615024,,0.05,1+5+25+50+75+100,0.8867230614026387,0.7990082105000813,0.8621069877235977,0.7296218574047089,18,18,0.0,0.0,171.0,7.62939453125e-06,exact,-0.09138934810956317,-0.13248513031888892,-1.0,0,18,0,-0.18248421947161358,-0.06458872556686396,-0.18036886668867536,-0.09006890679399171,0.9995803833007812,0.16565694411595658,0.000213623046875,True,0.000213623046875,True,1.0,False,1.0,False,diferenca real e nao-desprezivel,"I-JEPA (632M) e melhor, e a diferenca NAO cabe na margem de 0.05",diff = metrica(model_b) - metrica(model_a); >0 favorece model_b
completa,kappa,kappa,SVM_IJEPA,I-JEPA (632M),632000000,SVM_Distill_Proj1280,Distill 4 (889K),889200,,0.05,1+5+25+50+75+100,0.8867230614026387,0.8255824247996012,0.8621069877235977,0.7569467314967402,18,18,0.0,0.0,171.0,7.62939453125e-06,exact,-0.0609831114610036,-0.1051602562268575,-1.0,0,18,0,-0.1286508440971375,-0.04920085271199537,-0.15190035441407448,-0.06718413758057136,0.9881629943847656,0.12680798768997195,0.000213623046875,True,0.000213623046875,True,1.0,False,1.0,False,diferenca real e nao-desprezivel,"I-JEPA (632M) e melhor, e a diferenca NAO cabe na margem de 0.05",diff = metrica(model_b) - metrica(model_a); >0 favorece model_b
completa,kappa,kappa,SVM_Distill_1x1BN,Distill 1 (123K),123504,SVM_Distill_1x1BN_flim_frozen_eval_loss,Distill 1 - FLIM init (123K),123504,,0.05,1+5+25+50+75+100,0.06398279468218475,0.735022246837616,0.10423917461324618,0.654050843583213,18,18,0.0,171.0,0.0,7.62939453125e-06,exact,0.5250648359457653,0.5498116689699667,1.0,18,0,0,0.4317129651705425,0.6937401294708252,0.4567872158907077,0.6375839193386059,1.0,0.6339564820130668,0.000213623046875,True,0.000213623046875,True,1.0,False,1.0,False,diferenca real e nao-desprezivel,"Distill 1 - FLIM init (123K) e melhor, e a diferenca NAO cabe na margem de 0.05",diff = metrica(model_b) - metrica(model_a); >0 favorece model_b
completa,kappa,kappa,SVM_Distill_1x1BN,Distill 1 (123K),123504,SVM_Distill_2l400K,Distill 2 (402K),402608,,0.05,1+5+25+50+75+100,0.06398279468218475,0.6926147242387136,0.10423917461324618,0.6649608159506762,18,18,0.0,171.0,0.0,7.62939453125e-06,exact,0.598706771930059,0.5607216413374302,1.0,18,0,0,0.46203566590944933,0.6548635760943095,0.5025912265534754,0.6190819607012802,1.0,0.6233592232068381,0.000213623046875,True,0.000213623046875,True,1.0,False,1.0,False,diferenca real e nao-desprezivel,"Distill 2 (402K) e melhor, e a diferenca NAO cabe na margem de 0.05",diff = metrica(model_b) - metrica(model_a); >0 favorece model_b
completa,kappa,kappa,SVM_Distill_1x1BN,Distill 1 (123K),123504,SVM_Distill_3x3BN,Distill 3 (615K),615024,,0.05,1+5+25+50+75+100,0.06398279468218475,0.7990082105000813,0.10423917461324618,0.7296218574047089,18,18,0.0,171.0,0.0,7.62939453125e-06,exact,0.632960210243861,0.6253826827914627,1.0,18,0,0,0.5570254127184552,0.7385369737943013,0.5545521545741294,0.6937029320332739,1.0,0.6975737114747367,0.000213623046875,True,0.000213623046875,True,1.0,False,1.0,False,diferenca real e nao-desprezivel,"Distill 3 (615K) e melhor, e a diferenca NAO cabe na margem de 0.05",diff = metrica(model_b) - metrica(model_a); >0 favorece model_b
completa,kappa,kappa,SVM_Distill_1x1BN,Distill 1 (123K),123504,SVM_Distill_Proj1280,Distill 4 (889K),889200,,0.05,1+5+25+50+75+100,0.06398279468218475,0.8255824247996012,0.10423917461324618,0.7569467314967402,18,18,0.0,171.0,0.0,7.62939453125e-06,exact,0.6531486411889394,0.652707556883494,1.0,18,0,0,0.5890628000100455,0.7685434023539226,0.5780070867803362,0.7224808744810246,1.0,0.7247610191504162,0.000213623046875,True,0.000213623046875,True,1.0,False,1.0,False,diferenca real e nao-desprezivel,"Distill 4 (889K) e melhor, e a diferenca NAO cabe na margem de 0.05",diff = metrica(model_b) - metrica(model_a); >0 favorece model_b
completa,kappa,kappa,SVM_Distill_1x1BN_flim_frozen_eval_loss,Distill 1 - FLIM init (123K),123504,SVM_Distill_2l400K,Distill 2 (402K),402608,,0.05,1+5+25+50+75+100,0.735022246837616,0.6926147242387136,0.654050843583213,0.6649608159506762,18,18,85.0,85.0,86.0,1.0,exact,-0.013187974691390936,0.010909972367463303,-0.005847953216374269,8,10,0,-0.047460198402404785,0.055850307146708245,-0.03220452724231617,0.05908574150116355,0.04936981201171875,0.04615550239880881,1.0,False,1.0,False,1.0,False,1.0,False,inconclusivo,sem poder para decidir: nao se detectou diferenca NEM se demonstrou empate (tendencia a favor de Distill 1 - FLIM init (123K)),diff = metrica(model_b) - metrica(model_a); >0 favorece model_b
completa,kappa,kappa,SVM_Distill_1x1BN_flim_frozen_eval_loss,Distill 1 - FLIM init (123K),123504,SVM_Distill_3x3BN,Distill 3 (615K),615024,,0.05,1+5+25+50+75+100,0.735022246837616,0.7990082105000813,0.654050843583213,0.7296218574047089,18,18,11.0,160.0,11.0,0.00041961669921875,exact,0.0759940544764201,0.0755710138214959,0.8713450292397661,15,3,0,0.04500345389048263,0.08731484413146973,0.04352823236474286,0.10939264021537921,0.9092674255371094,0.09334336717923482,0.00335693359375,True,0.011749267578125,True,1.0,False,1.0,False,diferenca real e nao-desprezivel,"Distill 3 (615K) e melhor, e a diferenca NAO cabe na margem de 0.05",diff = metrica(model_b) - metrica(model_a); >0 favorece model_b
completa,kappa,kappa,SVM_Distill_1x1BN_flim_frozen_eval_loss,Distill 1 - FLIM init (123K),123504,SVM_Distill_Proj1280,Distill 4 (889K),889200,,0.05,1+5+25+50+75+100,0.735022246837616,0.8255824247996012,0.654050843583213,0.7569467314967402,18,18,3.0,168.0,3.0,3.814697265625e-05,exact,0.10416989525159204,0.10289588791352733,0.9649122807017544,17,1,0,0.06130003929138178,0.11986581484476722,0.07053379777956895,0.13727512387213886,0.9983177185058594,0.12421811620394392,0.00049591064453125,True,0.001068115234375,True,1.0,False,1.0,False,diferenca real e nao-desprezivel,"Distill 4 (889K) e melhor, e a diferenca NAO cabe na margem de 0.05",diff = metrica(model_b) - metrica(model_a); >0 favorece model_b
completa,kappa,kappa,SVM_Distill_2l400K,Distill 2 (402K),402608,SVM_Distill_3x3BN,Distill 3 (615K),615024,,0.05,1+5+25+50+75+100,0.6926147242387136,0.7990082105000813,0.6649608159506762,0.7296218574047089,18,18,10.0,161.0,10.0,0.00032806396484375,exact,0.06649835904439289,0.0646610414540326,0.8830409356725146,16,2,0,0.0349374612172445,0.10322109858194983,0.039744769257527804,0.08708690807775216,0.8939285278320312,0.08942305048306783,0.00295257568359375,True,0.009185791015625,True,1.0,False,1.0,False,diferenca real e nao-desprezivel,"Distill 3 (615K) e melhor, e a diferenca NAO cabe na margem de 0.05",diff = metrica(model_b) - metrica(model_a); >0 favorece model_b
completa,kappa,kappa,SVM_Distill_2l400K,Distill 2 (402K),402608,SVM_Distill_Proj1280,Distill 4 (889K),889200,,0.05,1+5+25+50+75+100,0.6926147242387136,0.8255824247996012,0.6649608159506762,0.7569467314967402,18,18,7.0,164.0,7.0,0.00014495849609375,exact,0.09373338023821515,0.091985915546064,0.9181286549707602,16,2,0,0.05793826778729755,0.137637197971344,0.06151376173452092,0.12089691493246287,0.9947967529296875,0.12071220080057778,0.0014495849609375,True,0.004058837890625,True,1.0,False,1.0,False,diferenca real e nao-desprezivel,"Distill 4 (889K) e melhor, e a diferenca NAO cabe na margem de 0.05",diff = metrica(model_b) - metrica(model_a); >0 favorece model_b
completa,kappa,kappa,SVM_Distill_3x3BN,Distill 3 (615K),615024,SVM_Distill_Proj1280,Distill 4 (889K),889200,,0.05,1+5+25+50+75+100,0.7990082105000813,0.8255824247996012,0.7296218574047089,0.7569467314967402,18,18,15.0,156.0,15.0,0.00104522705078125,exact,0.02569668491681415,0.027324874092031413,0.8245614035087719,15,3,0,0.011777490377426147,0.044405510028203365,0.015034354616094541,0.03984987534306667,0.00279998779296875,0.0399598777294159,0.00731658935546875,True,0.029266357421875,True,0.078399658203125,False,0.078399658203125,False,diferenca real e nao-desprezivel,"Distill 4 (889K) e melhor, e a diferenca NAO cabe na margem de 0.05",diff = metrica(model_b) - metrica(model_a); >0 favorece model_b
completa,acc,Acc,SVM_FLIM,FLIM (59.504),59504,SVM_LeJEPA,LeJEPA (59.504),59504,,0.05,1+5+25+50+75+100,0.9037333333333333,0.4860791712999344,0.7930277777777778,0.533452229919257,18,18,15.0,15.0,156.0,0.00104522705078125,exact,-0.3194304660161337,-0.25957554785852077,-0.8245614035087719,3,15,0,-0.41478492337862655,-0.18462721441586805,-0.37061647874669895,-0.1387814735981933,0.9976272583007812,0.3790436648686728,0.0104522705078125,True,0.029266357421875,True,1.0,False,1.0,False,diferenca real e nao-desprezivel,"FLIM (59.504) e melhor, e a diferenca NAO cabe na margem de 0.05",diff = metrica(model_b) - metrica(model_a); >0 favorece model_b
completa,acc,Acc,SVM_FLIM,FLIM (59.504),59504,SVM_IJEPA,I-JEPA (632M),632000000,,0.05,1+5+25+50+75+100,0.9037333333333333,0.9301937023798625,0.7930277777777778,0.8771379899095606,18,18,48.0,123.0,48.0,0.1083831787109375,exact,0.017494853973388624,0.0841102121317828,0.43859649122807015,13,5,0,-0.004554516537984166,0.04423342626889537,0.010284859420458462,0.1732286456004335,0.16236495971679688,0.1698825158278148,0.43353271484375,False,1.0,False,1.0,False,1.0,False,inconclusivo,sem poder para decidir: nao se detectou diferenca NEM se demonstrou empate (tendencia a favor de I-JEPA (632M)),diff = metrica(model_b) - metrica(model_a); >0 favorece model_b
completa,acc,Acc,SVM_FLIM,FLIM (59.504),59504,SVM_Distill_1x1BN,Distill 1 (123K),123504,,0.05,1+5+25+50+75+100,0.9037333333333333,0.47506534184018767,0.7930277777777778,0.39830857308374507,18,18,4.0,4.0,167.0,5.340576171875e-05,exact,-0.44066694486935937,-0.3947192046940327,-0.9532163742690059,2,16,0,-0.4732310424149037,-0.3684054881413777,-0.49314138965356674,-0.2844137751259737,0.9999618530273438,0.48564744844834007,0.00069427490234375,True,0.001495361328125,True,1.0,False,1.0,False,diferenca real e nao-desprezivel,"FLIM (59.504) e melhor, e a diferenca NAO cabe na margem de 0.05",diff = metrica(model_b) - metrica(model_a); >0 favorece model_b
completa,acc,Acc,SVM_FLIM,FLIM (59.504),59504,SVM_Distill_1x1BN_flim_frozen_eval_loss,Distill 1 - FLIM init (123K),123504,,0.05,1+5+25+50+75+100,0.9037333333333333,0.6834786732991536,0.7930277777777778,0.673381992512279,18,18,29.0,29.0,142.0,0.01203155517578125,exact,-0.17951980274518337,-0.11964578526549872,-0.6608187134502924,3,15,0,-0.23300527159372963,-0.018756666185458733,-0.19491496967108168,-0.03857104775980672,0.9458084106445312,0.20545719846089697,0.06591796875,False,0.336883544921875,False,1.0,False,1.0,False,inconclusivo,sem poder para decidir: nao se detectou diferenca NEM se demonstrou empate (tendencia a favor de FLIM (59.504)),diff = metrica(model_b) - metrica(model_a); >0 favorece model_b
completa,acc,Acc,SVM_FLIM,FLIM (59.504),59504,SVM_Distill_2l400K,Distill 2 (402K),402608,,0.05,1+5+25+50+75+100,0.9037333333333333,0.8009237945079803,0.7930277777777778,0.7546941411715966,18,18,51.0,51.0,120.0,0.14151763916015625,exact,-0.08828619194030762,-0.0383336366061811,-0.40350877192982454,3,15,0,-0.1310601946036022,-0.04742745656967157,-0.11214140057011884,0.05148086072409586,0.8939285278320312,0.1198636353969574,0.43353271484375,False,1.0,False,1.0,False,1.0,False,inconclusivo,sem poder para decidir: nao se detectou diferenca NEM se demonstrou empate (tendencia a favor de FLIM (59.504)),diff = metrica(model_b) - metrica(model_a); >0 favorece model_b
completa,acc,Acc,SVM_FLIM,FLIM (59.504),59504,SVM_Distill_3x3BN,Distill 3 (615K),615024,,0.05,1+5+25+50+75+100,0.9037333333333333,0.8230086167653401,0.7930277777777778,0.7909231588796334,18,18,52.0,52.0,119.0,0.15404510498046875,exact,-0.03282326415379866,-0.0021046188981444563,-0.391812865497076,4,14,0,-0.07923301928838095,-0.013172232198715106,-0.0664756822809908,0.07260723842954199,0.31984710693359375,0.07185455503463757,0.43353271484375,False,1.0,False,1.0,False,1.0,False,inconclusivo,sem poder para decidir: nao se detectou diferenca NEM se demonstrou empate (tendencia a favor de FLIM (59.504)),diff = metrica(model_b) - metrica(model_a); >0 favorece model_b
completa,acc,Acc,SVM_FLIM,FLIM (59.504),59504,SVM_Distill_Proj1280,Distill 4 (889K),889200,,0.05,1+5+25+50+75+100,0.9037333333333333,0.8614313006401062,0.7930277777777778,0.8195246397345154,18,18,53.0,53.0,118.0,0.16735076904296875,exact,-0.008735082181294762,0.026496861956737658,-0.38011695906432746,4,14,0,-0.042937615251541106,-0.0032442395369212673,-0.03477411923435003,0.09853975167658596,0.07075881958007812,0.10241038521925613,0.43353271484375,False,1.0,False,1.0,False,1.0,False,inconclusivo,sem poder para decidir: nao se detectou diferenca NEM se demonstrou empate (tendencia a favor de FLIM (59.504)),diff = metrica(model_b) - metrica(model_a); >0 favorece model_b
completa,acc,Acc,SVM_LeJEPA,LeJEPA (59.504),59504,SVM_IJEPA,I-JEPA (632M),632000000,,0.05,1+5+25+50+75+100,0.4860791712999344,0.9301937023798625,0.533452229919257,0.8771379899095606,18,18,0.0,171.0,0.0,7.62939453125e-06,exact,0.3609210103750229,0.3436857599903036,1.0,18,0,0,0.2336812615394592,0.4590183496475219,0.28045123543038414,0.40696320122590773,1.0,0.405594269434611,0.000213623046875,True,0.000213623046875,True,1.0,False,1.0,False,diferenca real e nao-desprezivel,"I-JEPA (632M) e melhor, e a diferenca NAO cabe na margem de 0.05",diff = metrica(model_b) - metrica(model_a); >0 favorece model_b
completa,acc,Acc,SVM_LeJEPA,LeJEPA (59.504),59504,SVM_Distill_1x1BN,Distill 1 (123K),123504,,0.05,1+5+25+50+75+100,0.4860791712999344,0.47506534184018767,0.533452229919257,0.39830857308374507,18,17,24.0,24.0,129.0,0.010986328125,exact,-0.19831918676694232,-0.13514365683551188,-0.6862745098039216,4,13,1,-0.27226847906907403,-0.03466639916102093,-0.220756970235595,-0.04421411186318706,0.9631576538085938,0.240086649854978,0.06591796875,False,0.3076171875,False,1.0,False,1.0,False,inconclusivo,sem poder para decidir: nao se detectou diferenca NEM se demonstrou empate (tendencia a favor de LeJEPA (59.504)),diff = metrica(model_b) - metrica(model_a); >0 favorece model_b
completa,acc,Acc,SVM_LeJEPA,LeJEPA (59.504),59504,SVM_Distill_1x1BN_flim_frozen_eval_loss,Distill 1 - FLIM init (123K),123504,,0.05,1+5+25+50+75+100,0.4860791712999344,0.6834786732991536,0.533452229919257,0.673381992512279,18,18,23.0,148.0,23.0,0.0047454833984375,exact,0.16652101278305054,0.13992976259302212,0.7309941520467836,14,4,0,0.1104492594798406,0.24269300202528635,0.058306409742821114,0.21412533031155662,0.9730720520019531,0.22692907104889554,0.0332183837890625,True,0.13287353515625,False,1.0,False,1.0,False,diferenca real e nao-desprezivel,"Distill 1 - FLIM init (123K) e melhor, e a diferenca NAO cabe na margem de 0.05",diff = metrica(model_b) - metrica(model_a); >0 favorece model_b
completa,acc,Acc,SVM_LeJEPA,LeJEPA (59.504),59504,SVM_Distill_2l400K,Distill 2 (402K),402608,,0.05,1+5+25+50+75+100,0.4860791712999344,0.8009237945079803,0.533452229919257,0.7546941411715966,18,18,3.0,168.0,3.0,3.814697265625e-05,exact,0.18609053889910382,0.2212419112523397,0.9649122807017544,16,2,0,0.12490010261535645,0.3281186819076538,0.15451198553459514,0.2873121260561877,0.9999732971191406,0.2882743974526724,0.00057220458984375,True,0.001068115234375,True,1.0,False,1.0,False,diferenca real e nao-desprezivel,"Distill 2 (402K) e melhor, e a diferenca NAO cabe na margem de 0.05",diff = metrica(model_b) - metrica(model_a); >0 favorece model_b
completa,acc,Acc,SVM_LeJEPA,LeJEPA (59.504),59504,SVM_Distill_3x3BN,Distill 3 (615K),615024,,0.05,1+5+25+50+75+100,0.4860791712999344,0.8230086167653401,0.533452229919257,0.7909231588796334,18,18,2.0,169.0,2.0,2.288818359375e-05,exact,0.2660527378320694,0.2574709289603763,0.9766081871345029,17,1,0,0.1499966780344646,0.379677951335907,0.18492946343289487,0.3280747249170586,0.9999618530273438,0.33274291952451085,0.0003662109375,True,0.000640869140625,True,1.0,False,1.0,False,diferenca real e nao-desprezivel,"Distill 3 (615K) e melhor, e a diferenca NAO cabe na margem de 0.05",diff = metrica(model_b) - metrica(model_a); >0 favorece model_b
completa,acc,Acc,SVM_LeJEPA,LeJEPA (59.504),59504,SVM_Distill_Proj1280,Distill 4 (889K),889200,,0.05,1+5+25+50+75+100,0.4860791712999344,0.8614313006401062,0.533452229919257,0.8195246397345154,18,18,1.0,170.0,1.0,1.52587890625e-05,exact,0.297764852643013,0.28607240981525844,0.9883040935672515,17,1,0,0.17917096614837646,0.4013200402259827,0.21407950494300437,0.3553223387855623,0.9999885559082031,0.35923544565836596,0.000274658203125,True,0.00042724609375,True,1.0,False,1.0,False,diferenca real e nao-desprezivel,"Distill 4 (889K) e melhor, e a diferenca NAO cabe na margem de 0.05",diff = metrica(model_b) - metrica(model_a); >0 favorece model_b
completa,acc,Acc,SVM_IJEPA,I-JEPA (632M),632000000,SVM_Distill_1x1BN,Distill 1 (123K),123504,,0.05,1+5+25+50+75+100,0.9301937023798625,0.47506534184018767,0.8771379899095606,0.39830857308374507,18,18,0.0,0.0,171.0,7.62939453125e-06,exact,-0.44859225551287324,-0.47882941682581553,-1.0,0,18,0,-0.46893285587430006,-0.41634340087572735,-0.5530146433557901,-0.41347611148462254,1.0,0.5316862377027671,0.000213623046875,True,0.000213623046875,True,1.0,False,1.0,False,diferenca real e nao-desprezivel,"I-JEPA (632M) e melhor, e a diferenca NAO cabe na margem de 0.05",diff = metrica(model_b) - metrica(model_a); >0 favorece model_b
completa,acc,Acc,SVM_IJEPA,I-JEPA (632M),632000000,SVM_Distill_1x1BN_flim_frozen_eval_loss,Distill 1 - FLIM init (123K),123504,,0.05,1+5+25+50+75+100,0.9301937023798625,0.6834786732991536,0.8771379899095606,0.673381992512279,18,18,0.0,0.0,171.0,7.62939453125e-06,exact,-0.2104647854963939,-0.2037559973972815,-1.0,0,18,0,-0.24483742316563928,-0.13676207264264412,-0.2658048966830527,-0.1460849897867,0.9997329711914062,0.2448374231656393,0.000213623046875,True,0.000213623046875,True,1.0,False,1.0,False,diferenca real e nao-desprezivel,"I-JEPA (632M) e melhor, e a diferenca NAO cabe na margem de 0.05",diff = metrica(model_b) - metrica(model_a); >0 favorece model_b
completa,acc,Acc,SVM_IJEPA,I-JEPA (632M),632000000,SVM_Distill_2l400K,Distill 2 (402K),402608,,0.05,1+5+25+50+75+100,0.9301937023798625,0.8009237945079803,0.8771379899095606,0.7546941411715966,18,18,0.0,0.0,171.0,7.62939453125e-06,exact,-0.11115363240242007,-0.12244384873796392,-1.0,0,18,0,-0.151701013247172,-0.09821340441703802,-0.1492978927851827,-0.09622033395700982,0.9999732971191406,0.1488256553808849,0.000213623046875,True,0.000213623046875,True,1.0,False,1.0,False,diferenca real e nao-desprezivel,"I-JEPA (632M) e melhor, e a diferenca NAO cabe na margem de 0.05",diff = metrica(model_b) - metrica(model_a); >0 favorece model_b
completa,acc,Acc,SVM_IJEPA,I-JEPA (632M),632000000,SVM_Distill_3x3BN,Distill 3 (615K),615024,,0.05,1+5+25+50+75+100,0.9301937023798625,0.8230086167653401,0.8771379899095606,0.7909231588796334,18,18,0.0,0.0,171.0,7.62939453125e-06,exact,-0.07623366514841712,-0.08621483102992726,-1.0,0,18,0,-0.10752439498901367,-0.05065448085467017,-0.11610567296544709,-0.060111112451111795,0.9908828735351562,0.10443937778472902,0.000213623046875,True,0.000213623046875,True,1.0,False,1.0,False,diferenca real e nao-desprezivel,"I-JEPA (632M) e melhor, e a diferenca NAO cabe na margem de 0.05",diff = metrica(model_b) - metrica(model_a); >0 favorece model_b
completa,acc,Acc,SVM_IJEPA,I-JEPA (632M),632000000,SVM_Distill_Proj1280,Distill 4 (889K),889200,,0.05,1+5+25+50+75+100,0.9301937023798625,0.8614313006401062,0.8771379899095606,0.8195246397345154,18,18,0.0,0.0,171.0,7.62939453125e-06,exact,-0.04185256361961348,-0.057613350175045146,-1.0,0,18,0,-0.0625048776467641,-0.0293101270993551,-0.08435936342510911,-0.037164753013187,0.31984710693359375,0.0641418596108755,0.000213623046875,True,0.000213623046875,True,1.0,False,1.0,False,diferenca real e nao-desprezivel,"I-JEPA (632M) e melhor, e a diferenca NAO cabe na margem de 0.05",diff = metrica(model_b) - metrica(model_a); >0 favorece model_b
completa,acc,Acc,SVM_Distill_1x1BN,Distill 1 (123K),123504,SVM_Distill_1x1BN_flim_frozen_eval_loss,Distill 1 - FLIM init (123K),123504,,0.05,1+5+25+50+75+100,0.47506534184018767,0.6834786732991536,0.39830857308374507,0.673381992512279,18,18,0.0,171.0,0.0,7.62939453125e-06,exact,0.25504452362656593,0.2750734194285339,1.0,18,0,0,0.17661114037036896,0.4002860883871714,0.20758826586383355,0.34363406561315063,0.9999961853027344,0.34346532821655273,0.000213623046875,True,0.000213623046875,True,1.0,False,1.0,False,diferenca real e nao-desprezivel,"Distill 1 - FLIM init (123K) e melhor, e a diferenca NAO cabe na margem de 0.05",diff = metrica(model_b) - metrica(model_a); >0 favorece model_b
completa,acc,Acc,SVM_Distill_1x1BN,Distill 1 (123K),123504,SVM_Distill_2l400K,Distill 2 (402K),402608,,0.05,1+5+25+50+75+100,0.47506534184018767,0.8009237945079803,0.39830857308374507,0.7546941411715966,18,18,0.0,171.0,0.0,7.62939453125e-06,exact,0.34386370579401654,0.3563855680878516,1.0,18,0,0,0.29263945917288464,0.39731147388617205,0.30171127811557164,0.41415237324588267,1.0,0.39731147388617205,0.000213623046875,True,0.000213623046875,True,1.0,False,1.0,False,diferenca real e nao-desprezivel,"Distill 2 (402K) e melhor, e a diferenca NAO cabe na margem de 0.05",diff = metrica(model_b) - metrica(model_a); >0 favorece model_b
completa,acc,Acc,SVM_Distill_1x1BN,Distill 1 (123K),123504,SVM_Distill_3x3BN,Distill 3 (615K),615024,,0.05,1+5+25+50+75+100,0.47506534184018767,0.8230086167653401,0.39830857308374507,0.7909231588796334,18,18,0.0,171.0,0.0,7.62939453125e-06,exact,0.37161479393641156,0.3926145857958882,1.0,18,0,0,0.3158525750041008,0.4311867244541645,0.33388686347407875,0.45726098707290724,1.0,0.43601734191179287,0.000213623046875,True,0.000213623046875,True,1.0,False,1.0,False,diferenca real e nao-desprezivel,"Distill 3 (615K) e melhor, e a diferenca NAO cabe na margem de 0.05",diff = metrica(model_b) - metrica(model_a); >0 favorece model_b
completa,acc,Acc,SVM_Distill_1x1BN,Distill 1 (123K),123504,SVM_Distill_Proj1280,Distill 4 (889K),889200,,0.05,1+5+25+50+75+100,0.47506534184018767,0.8614313006401062,0.39830857308374507,0.8195246397345154,18,18,0.0,171.0,0.0,7.62939453125e-06,exact,0.40182652076085407,0.4212160666507704,1.0,18,0,0,0.34705503781636554,0.43857661883036303,0.3604938063667052,0.4890668860257224,1.0,0.4648209375639758,0.000213623046875,True,0.000213623046875,True,1.0,False,1.0,False,diferenca real e nao-desprezivel,"Distill 4 (889K) e melhor, e a diferenca NAO cabe na margem de 0.05",diff = metrica(model_b) - metrica(model_a); >0 favorece model_b
completa,acc,Acc,SVM_Distill_1x1BN_flim_frozen_eval_loss,Distill 1 - FLIM init (123K),123504,SVM_Distill_2l400K,Distill 2 (402K),402608,,0.05,1+5+25+50+75+100,0.6834786732991536,0.8009237945079803,0.673381992512279,0.7546941411715966,18,18,18.0,153.0,18.0,0.00193023681640625,exact,0.09793869654337567,0.08131214865931762,0.7894736842105263,13,5,0,0.024646093448003115,0.13907359043757128,0.04126867015880575,0.12152692264428848,0.9092674255371094,0.11970458428064991,0.01544189453125,True,0.054046630859375,False,1.0,False,1.0,False,diferenca real e nao-desprezivel,"Distill 2 (402K) e melhor, e a diferenca NAO cabe na margem de 0.05",diff = metrica(model_b) - metrica(model_a); >0 favorece model_b
completa,acc,Acc,SVM_Distill_1x1BN_flim_frozen_eval_loss,Distill 1 - FLIM init (123K),123504,SVM_Distill_3x3BN,Distill 3 (615K),615024,,0.05,1+5+25+50+75+100,0.6834786732991536,0.8230086167653401,0.673381992512279,0.7909231588796334,18,18,7.0,164.0,7.0,0.00014495849609375,exact,0.145605613787969,0.11754116636735426,0.9181286549707602,16,2,0,0.07530987262725841,0.15185130139191946,0.07940869670775207,0.1536395497896053,0.9993553161621094,0.15135794878005984,0.00159454345703125,True,0.004058837890625,True,1.0,False,1.0,False,diferenca real e nao-desprezivel,"Distill 3 (615K) e melhor, e a diferenca NAO cabe na margem de 0.05",diff = metrica(model_b) - metrica(model_a); >0 favorece model_b
completa,acc,Acc,SVM_Distill_1x1BN_flim_frozen_eval_loss,Distill 1 - FLIM init (123K),123504,SVM_Distill_Proj1280,Distill 4 (889K),889200,,0.05,1+5+25+50+75+100,0.6834786732991536,0.8614313006401062,0.673381992512279,0.8195246397345154,18,18,1.0,170.0,1.0,1.52587890625e-05,exact,0.17372191945711773,0.14614264722223635,0.9883040935672515,17,1,0,0.089348554611206,0.1860831578572591,0.10329586743480636,0.1886887924676692,0.9995803833007812,0.1852192729711533,0.000274658203125,True,0.00042724609375,True,1.0,False,1.0,False,diferenca real e nao-desprezivel,"Distill 4 (889K) e melhor, e a diferenca NAO cabe na margem de 0.05",diff = metrica(model_b) - metrica(model_a); >0 favorece model_b
completa,acc,Acc,SVM_Distill_2l400K,Distill 2 (402K),402608,SVM_Distill_3x3BN,Distill 3 (615K),615024,,0.05,1+5+25+50+75+100,0.8009237945079803,0.8230086167653401,0.7546941411715966,0.7909231588796334,18,18,16.0,155.0,16.0,0.00128936767578125,exact,0.036881754795710264,0.036229017708036645,0.8128654970760234,15,3,0,0.01016967991987866,0.06211042404174805,0.01874395997987855,0.053190543226621784,0.09073257446289062,0.05331748723983765,0.01160430908203125,True,0.036102294921875,True,1.0,False,1.0,False,diferenca real e nao-desprezivel,"Distill 3 (615K) e melhor, e a diferenca NAO cabe na margem de 0.05",diff = metrica(model_b) - metrica(model_a); >0 favorece model_b
completa,acc,Acc,SVM_Distill_2l400K,Distill 2 (402K),402608,SVM_Distill_Proj1280,Distill 4 (889K),889200,,0.05,1+5+25+50+75+100,0.8009237945079803,0.8614313006401062,0.7546941411715966,0.8195246397345154,18,18,4.0,167.0,4.0,5.340576171875e-05,exact,0.06044134497642517,0.06483049856291877,0.9532163742690059,17,1,0,0.03940400481224063,0.09427775939305616,0.04402381049262154,0.08536805772670994,0.9163246154785156,0.08655286828676863,0.00069427490234375,True,0.001495361328125,True,1.0,False,1.0,False,diferenca real e nao-desprezivel,"Distill 4 (889K) e melhor, e a diferenca NAO cabe na margem de 0.05",diff = metrica(model_b) - metrica(model_a); >0 favorece model_b
completa,acc,Acc,SVM_Distill_3x3BN,Distill 3 (615K),615024,SVM_Distill_Proj1280,Distill 4 (889K),889200,,0.05,1+5+25+50+75+100,0.8230086167653401,0.8614313006401062,0.7909231588796334,0.8195246397345154,18,18,3.0,168.0,3.0,3.814697265625e-05,exact,0.028116305669148745,0.028601480854882115,0.9649122807017544,17,1,0,0.016435260574022864,0.038981497287750244,0.019523972962741446,0.03783309626634474,0.000209808349609375,0.03689941763877869,0.00057220458984375,True,0.001068115234375,True,0.0058746337890625,True,0.0058746337890625,True,diferenca real porem menor que a margem,"Distill 4 (889K) vence de forma consistente, mas a diferenca e menor que 0.05 — real e desprezivel ao mesmo tempo",diff = metrica(model_b) - metrica(model_a); >0 favorece model_b
